volume,chapter,pdf_paragraphs,text_paragraphs,diff_pdf_minus_text
1,1,0,33,-33
1,2,0,10,-10
1,3,0,5,-5
1,5,5,2,3
1,6,4,1,3
1,7,7,1,6
1,8,6,3,3
1,9,5,3,2
1,10,1,1,0
1,11,2,1,1
1,12,11,2,9
1,13,0,3,-3
1,14,3,2,1
1,15,3,1,2
1,16,10,1,9
1,17,14,3,11
1,18,5,1,4
1,19,6,2,4
1,20,4,2,2
1,21,9,2,7
1,22,2,1,1
1,23,5,2,3
1,24,3,1,2
1,25,6,4,2
1,26,11,3,8
1,27,14,1,13
1,28,7,1,6
1,29,5,2,3
1,30,2,2,0
1,31,3,1,2
1,32,6,2,4
1,33,4,2,2
1,34,2,1,1
1,35,4,1,3
1,36,6,3,3
1,37,3,1,2
1,38,5,1,4
1,39,3,1,2
1,40,6,2,4
1,41,5,2,3
1,42,1,1,0
1,43,6,2,4
1,44,4,1,3
1,45,7,2,5
1,46,4,1,3
1,47,1,1,0
1,48,9,2,7
1,49,7,1,6
1,50,9,1,8
1,51,4,1,3
1,52,2,1,1
1,53,14,2,12
1,54,0,1,-1
1,55,19,5,14
1,56,9,2,7
1,57,41,7,34
1,58,22,1,21
1,59,0,6,-6
1,60,35,5,30
1,61,22,5,17
1,62,5,1,4
1,63,5,1,4
1,64,12,2,10
1,65,12,2,10
1,66,5,2,3
1,67,7,1,6
1,68,12,1,11
1,69,10,3,7
1,70,9,2,7
1,71,10,1,9
1,72,4,1,3
1,73,8,2,6
1,74,1,1,0
1,75,5,3,2
1,76,4,3,1
1,77,5,4,1
1,78,6,5,1
1,79,4,3,1
1,80,4,4,0
1,81,4,3,1
1,82,2,2,0
1,83,7,6,1
1,84,10,5,5
1,85,17,14,3
1,86,10,6,4
1,87,13,12,1
1,88,20,18,2
1,89,17,6,11
1,90,23,9,14
1,91,5,4,1
1,92,11,7,4
1,93,13,7,6
1,94,26,12,14
1,95,5,3,2
1,96,15,7,8
1,97,5,2,3
1,98,9,3,6
1,99,10,5,5
1,100,4,3,1
1,101,8,5,3
1,102,9,3,6
1,103,8,4,4
1,104,10,3,7
1,105,7,4,3
1,106,7,3,4
1,107,6,5,1
1,108,3,3,0
1,109,8,4,4
1,110,12,5,7
1,111,7,3,4
1,112,4,3,1
1,113,6,3,3
1,114,17,6,11
1,115,7,4,3
1,116,5,3,2
1,117,8,3,5
1,118,5,4,1
1,119,14,5,9
1,120,9,4,5
1,121,11,5,6
1,122,11,6,5
1,123,26,7,19
1,124,0,6,-6
1,125,9,5,4
1,126,16,6,10
1,127,8,3,5
1,128,4,3,1
1,129,3,3,0
1,130,6,3,3
1,131,5,3,2
1,132,6,3,3
1,133,12,4,8
1,134,11,3,8
1,135,7,3,4
1,136,9,3,6
1,137,5,3,2
1,138,15,4,11
1,139,0,3,-3
1,140,3,2,1
1,141,8,4,4
1,142,12,4,8
1,143,11,5,6
1,144,21,3,18
1,145,0,8,-8
1,146,5,4,1
1,147,7,2,5
1,148,4,3,1
1,149,7,4,3
1,150,8,5,3
1,151,5,3,2
1,152,11,3,8
1,153,0,3,-3
1,154,11,3,8
1,155,21,7,14
1,156,3,3,0
1,157,6,2,4
1,158,22,10,12
1,159,4,4,0
1,160,15,7,8
1,161,4,3,1
1,162,5,2,3
1,163,11,4,7
1,164,5,3,2
1,165,16,7,9
1,166,11,5,6
1,167,10,4,6
1,168,12,4,8
1,169,8,4,4
1,170,3,2,1
1,171,7,3,4
1,172,3,2,1
1,173,6,4,2
1,174,0,3,-3
1,175,6,3,3
1,176,9,5,4
1,177,3,3,0
1,178,15,4,11
1,179,6,3,3
1,180,6,3,3
1,181,16,6,10
1,182,4,4,0
1,183,7,3,4
1,184,9,4,5
1,185,22,4,18
1,186,0,4,-4
1,187,11,4,7
1,188,9,5,4
1,189,33,9,24
1,190,11,4,7
1,191,23,3,20
1,192,0,5,-5
1,193,9,2,7
1,194,10,4,6
1,195,6,2,4
1,196,8,3,5
1,197,13,3,10
1,198,219,4,215
1,199,0,9,-9
2,200,0,5,-5
2,201,10,5,5
2,202,12,3,9
2,203,16,4,12
2,204,11,6,5
2,205,13,5,8
2,206,13,5,8
2,207,4,2,2
2,208,6,3,3
2,209,5,4,1
2,210,20,3,17
2,211,0,3,-3
2,212,56,4,52
2,213,0,10,-10
2,214,0,4,-4
2,215,6,2,4
2,216,8,3,5
2,217,8,2,6
2,218,15,6,9
2,219,9,4,5
2,220,15,5,10
2,221,4,3,1
2,222,7,6,1
2,223,15,10,5
2,224,6,3,3
2,225,13,5,8
2,226(1),0,2,-2
2,227(2),12,2,10
2,228(3),16,6,10
2,229(4),9,2,7
2,230(5),36,11,25
2,231(6),6,1,5
2,232(7),9,2,7
2,233(8),19,2,17
2,234(9),12,3,9
2,235(10),12,2,10
2,236(11),39,8,31
2,237(12),0,4,-4
2,238(13),33,7,26
2,239(14),8,3,5
2,240(15),5,2,3
2,241(16),10,5,5
2,242(17),26,4,22
2,243(18),0,4,-4
2,244(19),17,7,10
2,245(20),6,4,2
2,246(21),7,3,4
2,247(22),34,6,28
2,248(23),0,3,-3
2,249(24),13,3,10
2,250(25),5,3,2
2,251(26),6,2,4
2,252(27),12,4,8
2,253(28),32,9,23
2,254(29),28,3,25
2,255(30),0,7,-7
2,256(31),10,4,6
2,257(32),12,2,10
2,258(33),0,4,-4
2,259(34),7,3,4
2,260(35),7,3,4
2,261(36),8,2,6
2,262(37),0,1,-1
2,263(38),17,5,12
2,264(39),8,2,6
2,265(40),9,2,7
2,266(41),7,4,3
2,267(42),39,6,33
2,268(43),0,4,-4
2,269(44),10,6,4
2,270(45),24,5,19
2,271(46),9,4,5
2,272(47),21,4,17
2,273(48),15,4,11
2,274(49),18,2,16
2,275(50),7,2,5
2,276(51),15,8,7
2,277(52),28,11,17
2,278(53),15,12,3
2,279(54),20,13,7
2,280(55),12,2,10
2,281(56),6,2,4
2,282(57),9,3,6
2,283(58),29,20,9
2,284(59),11,2,9
2,285(60),19,2,17
2,286(61),20,6,14
2,287(62),11,5,6
2,288(63),25,12,13
2,289(64),7,2,5
2,290(65),21,3,18
2,291(66),0,9,-9
2,292(67),6,4,2
2,293(68),14,4,10
2,294(69),10,4,6
2,295(70),8,2,6
2,296(71),20,6,14
2,297(72),23,4,19
2,298(1),0,5,-5
2,299(2),25,4,21
2,300(3),16,4,12
2,301(4),6,2,4
2,302(5),12,4,8
2,303(6),7,2,5
2,304(7),4,2,2
2,305(8),12,5,7
2,306(9),1,1,0
2,307(10),7,5,2
2,308(11),80,5,75
2,309(12),0,10,-10
2,310(13),0,7,-7
2,311(14),10,1,9
2,312(15),8,3,5
2,313(16),9,2,7
2,314(17),13,3,10
2,315(18),10,3,7
2,316(19),10,3,7
2,317(20),10,3,7
2,318(21),11,3,8
2,319(22),10,4,6
2,320(23),15,5,10
2,321(24),10,3,7
2,322(25),11,3,8
2,323(26),5,2,3
2,324(27),9,2,7
2,325(28),7,2,5
2,326(29),6,3,3
2,327(30),11,6,5
2,328(31),11,4,7
2,329(32),6,3,3
2,330(33),13,5,8
2,331(34),22,5,17
2,332(35),10,3,7
2,333(36),10,4,6
2,334(37),10,3,7
2,335(38),14,4,10
2,336(39),14,4,10
2,337(40),19,6,13
2,338(41),15,4,11
2,339(42),40,5,35
2,340(43),0,4,-4
2,341(44),17,3,14
2,342(45),14,5,9
2,343(46),14,5,9
2,344(47),4,2,2
2,345(48),13,4,9
2,346(49),15,6,9
2,347(50),10,2,8
2,348(51),9,2,7
2,349(52),4,2,2
2,350(53),4,2,2
2,351(54),16,4,12
2,352(55),5,2,3
2,353(56),10,3,7
2,354(57),5,2,3
2,355(58),8,3,5
2,356(59),4,2,2
2,357(60),7,4,3
2,358(61),25,12,13
2,359(62),6,3,3
2,360(63),7,3,4
2,361(64),4,2,2
2,362(65),7,4,3
2,363(66),5,3,2
2,364(67),3,3,0
2,365(68),5,3,2
2,366(69),7,3,4
2,367(70),8,4,4
2,368(71),10,4,6
2,369(72),3,3,0
2,370(73),4,3,1
2,371(74),4,2,2
2,372(75),5,4,1
2,373(76),5,2,3
2,374(77),5,3,2
2,375(78),7,2,5
2,376(79),326,4,322
3,377(80),96,13,83
3,378(81),108,20,88
3,379(82),58,12,46
3,380(83),60,13,47
3,381(84),8,1,7
3,382(85),10,3,7
3,383(86),5,2,3
3,384(87),8,1,7
3,385(88),8,3,5
3,386(89),10,3,7
3,387(90),9,6,3
3,388(91),5,2,3
3,389(92),3,2,1
3,390(93),9,2,7
3,391(94),10,3,7
3,392(95),5,3,2
3,393(96),3,2,1
3,394(97),6,2,4
3,395(98),11,4,7
3,396(99),6,2,4
3,397(100),8,2,6
3,398(101),6,3,3
3,399(102),7,4,3
3,400(103),4,3,1
3,401(104),7,5,2
3,402(105),6,3,3
3,403(106),20,7,13
3,404(107),8,2,6
3,405(108),5,2,3
3,406(109),7,4,3
3,407(110),13,5,8
3,408(111),10,7,3
3,409(112),7,2,5
3,410(113),10,3,7
3,411(114),9,5,4
3,412(115),11,4,7
3,413(116),6,4,2
3,414(117),8,5,3
3,415(118),15,2,13
3,416(119),13,4,9
3,417(120),22,5,17
3,418(121),10,4,6
3,419(122),4,4,0
3,420(123),4,3,1
3,421(124),6,3,3
3,422(125),6,3,3
3,423(126),15,5,10
3,424(127),5,4,1
3,425(128),5,3,2
3,426(129),12,3,9
3,427(130),9,2,7
3,428(131),15,11,4
3,429(132),10,6,4
3,430(133),26,20,6
3,431(134),42,23,19
3,432(135),8,5,3
3,433(136),7,4,3
3,434(137),8,3,5
3,435(138),4,2,2
3,436(139),4,4,0
3,437(140),8,3,5
3,438(141),11,6,5
3,439(142),8,3,5
3,440(143),5,3,2
3,441(144),4,3,1
3,442(145),10,6,4
3,443(146),16,8,8
3,444(147),17,6,11
3,445(148),11,5,6
3,446(149),16,4,12
3,447(150),6,2,4
3,448(151),5,2,3
3,449(152),6,5,1
3,450(153),26,4,22
3,451(154),0,6,-6
3,452(155),35,6,29
3,453(156),11,2,9
3,454(157),16,6,10
3,455(158),26,7,19
3,456(159),8,3,5
3,457(160),14,2,12
3,458(161),12,4,8
3,459(162),5,2,3
3,460(163),19,5,14
3,461(164),14,6,8
3,462(165),7,2,5
3,463(166),6,2,4
3,464(167),5,3,2
3,465(168),10,3,7
3,466(169),5,2,3
3,467(170),17,6,11
3,468(171),7,4,3
3,469(172),8,3,5
3,470(173),13,5,8
3,471(174),13,2,11
3,472(175),9,3,6
3,473(176),12,5,7
3,474(177),18,10,8
3,475(178),20,14,6
3,476(179),6,2,4
3,477(180),26,5,21
3,478(181),8,3,5
3,479(182),8,2,6
3,480(183),11,4,7
3,481(184),11,3,8
3,482(185),9,5,4
3,483(186),29,6,23
3,484(187),16,4,12
3,485(188),15,3,12
3,486(189),15,7,8
3,487(190),13,6,7
3,488(191),8,3,5
3,489(192),6,3,3
3,490(193),4,2,2
3,491(194),8,4,4
3,492(195),9,4,5
3,493(196),6,3,3
3,494(197),12,7,5
3,495(198),12,5,7
3,496(199),8,3,5
3,497(200),10,7,3
3,498(201),7,4,3
3,499(202),3,2,1
3,500(203),14,6,8
3,501(204),5,4,1
3,502(205),5,3,2
3,503(206),9,6,3
3,504(207),6,2,4
3,505(208),4,1,3
3,506(209),11,1,10
3,507(210),6,1,5
3,508(211),11,2,9
3,509(212),14,4,10
3,510(213),15,4,11
3,511(214),10,3,7
3,512(215),8,2,6
3,513(216),6,2,4
3,514(217),5,2,3
3,515(218),20,8,12
3,516(219),18,5,13
3,517(220),9,2,7
3,518(221),28,4,24
3,519(222),0,2,-2
3,520(223),1,1,0
3,521(224),6,2,4
3,522(225),14,3,11
3,523(226),6,2,4
3,524(227),10,3,7
3,525(228),8,3,5
3,526(229),6,3,3
3,527(230),8,3,5
3,528(231),8,2,6
3,529(232),6,2,4
3,530(233),6,2,4
3,531(234),8,2,6
3,532(235),8,2,6
3,533(236),3,2,1
3,534(237),4,1,3
3,535(238),10,4,6
3,536(239),9,4,5
3,537(240),11,3,8
3,538(241),7,3,4
3,539(242),7,3,4
3,540(243),14,3,11
3,541(244),0,2,-2
3,542(245),0,4,-4
3,543(246),14,4,10
3,544(247),19,4,15
3,545(248),0,2,-2
3,546(249),4,2,2
3,547(250),4,1,3
3,548(251),4,2,2
3,549(252),11,5,6
3,550(253),11,4,7
3,551(254),5,3,2
3,552(255),18,5,13
3,553(256),9,3,6
3,554(257),2,2,0
3,555(258),7,4,3
3,556(259),15,4,11
3,557(260),3,1,2
3,558(261),20,5,15
3,559(262),11,3,8
3,560(263),11,3,8
3,561(264),15,5,10
3,562(265),12,2,10
3,563(266),14,6,8
3,564(267),10,3,7
3,565(268),11,6,5
3,566(269),3,1,2
3,567(270),2,2,0
3,568(271),5,2,3
3,569(272),3,2,1
3,570(273),7,2,5
3,571(274),4,2,2
3,572(275),18,4,14
3,573(276),3,2,1
3,574(277),13,6,7
3,575(278),15,10,5
3,576(279),7,2,5
3,577(280),7,3,4
3,578(281),17,8,9
3,579(282),9,6,3
3,580(283),8,4,4
3,581(284),11,3,8
3,582(285),4,1,3
3,583(286),7,3,4
3,584(287),7,3,4
3,585(288),4,3,1
3,586(289),3,2,1
3,587(290),5,3,2
3,588(291),13,8,5
3,589(292),5,3,2
3,590(293),7,2,5
3,591(294),14,5,9
3,592(295),0,2,-2
3,593(296),16,10,6
3,594(297),59,47,12
3,595(298),10,8,2
3,596(299),400,5,395
4,597(1),3,2,1
4,598(2),3,3,0
4,599(3),7,7,0
4,600(4),6,5,1
4,601(5),4,3,1
4,602(6),3,2,1
4,603(7),1,1,0
4,604(8),8,7,1
4,605(9),2,1,1
4,606(10),4,4,0
4,607(11),3,1,2
4,608(12),8,4,4
4,609(13),0,2,-2
4,610(14),3,3,0
4,611(15),6,5,1
4,612(16),2,1,1
4,613(17),3,2,1
4,614(18),5,4,1
4,615(19),4,4,0
4,616(20),3,3,0
4,617(21),9,7,2
4,618(22),4,4,0
4,619(23),5,4,1
4,620(24),2,2,0
4,621(25),2,1,1
4,622(26),1,1,0
4,623(27),3,2,1
4,624(28),2,2,0
4,625(29),3,2,1
4,626(30),4,3,1
4,627(31),2,2,0
4,628(32),7,4,3
4,629(33),2,2,0
4,630(34),3,2,1
4,631(35),3,3,0
4,632(36),6,4,2
4,633(37),2,2,0
4,634(38),5,4,1
4,635(39),7,7,0
4,636(40),6,6,0
4,637(41),5,5,0
4,638(42),2,1,1
4,639(43),1,1,0
4,640(44),3,2,1
4,641(45),2,2,0
4,642(46),6,6,0
4,643(47),3,3,0
4,644(48),4,3,1
4,645(49),2,1,1
4,646(50),4,4,0
4,647(51),1,1,0
4,648(52),2,1,1
4,649(53),8,6,2
4,650(54),2,2,0
4,651(55),5,4,1
4,652(56),4,3,1
4,653(57),1,1,0
4,654(58),2,1,1
4,655(59),4,3,1
4,656(60),3,2,1
4,657(61),5,4,1
4,658(62),7,2,5
4,659(63),0,4,-4
4,660(64),7,6,1
4,661(65),3,2,1
4,662(66),5,4,1
4,663(67),10,8,2
4,664(1),4,3,1
4,665(2),3,2,1
4,666(3),3,3,0
4,667(4),3,2,1
4,668(5),3,2,1
4,669(6),2,2,0
4,670(7),6,5,1
4,671(8),3,2,1
4,672(9),6,4,2
4,673(10),7,5,2
4,674(11),4,3,1
4,675(12),5,3,2
4,676(13),3,3,0
4,677(14),3,2,1
4,678(15),4,3,1
4,679(16),6,4,2
4,680(17),4,3,1
4,681(18),4,4,0
4,682(19),3,2,1
4,683(20),2,1,1
4,684(21),8,3,5
4,685(22),0,4,-4
4,686(23),2,2,0
4,687(24),2,1,1
4,688(25),2,2,0
4,689(26),5,4,1
4,690(27),3,2,1
4,691(28),1,1,0
4,692(29),9,6,3
4,693(30),9,6,3
4,694(31),3,2,1
4,695(32),22,2,20
4,696(33),0,16,-16
4,697(34),9,6,3
4,698(35),26,25,1
4,699(36),11,9,2
4,700(37),9,7,2
4,701(38),5,3,2
4,702(39),8,7,1
4,703(40),4,3,1
4,704(41),11,6,5
4,705(42),0,7,-7
4,706(43),9,8,1
4,707(44),6,6,0
4,708(45),3,2,1
4,709(46),4,4,0
4,710(47),14,11,3
4,711(48),4,3,1
4,712(49),6,5,1
4,713(50),4,2,2
4,714(51),1,1,0
4,715(52),2,1,1
4,716(53),2,2,0
4,717(54),9,6,3
4,718(55),5,4,1
4,719(56),7,6,1
4,720(57),5,4,1
4,721(58),5,4,1
4,722(59),3,2,1
4,723(60),2,1,1
4,724(61),2,1,1
4,725(62),3,2,1
4,726(63),1,1,0
4,727(64),3,2,1
4,728(65),1,1,0
4,729(66),2,1,1
4,730(67),11,11,0
4,731(68),6,4,2
4,732(69),10,1,9
4,733(70),0,4,-4
4,734(71),3,2,1
4,735(72),3,2,1
4,736(73),2,1,1
4,737(74),1,1,0
4,738(75),3,2,1
4,739(76),1,1,0
4,740(77),2,1,1
4,741(78),1,1,0
4,742(79),3,3,0
4,743(80),5,4,1
4,744(81),9,8,1
4,745(82),5,4,1
4,746(83),1,1,0
4,747(84),2,1,1
4,748(85),1,1,0
4,749(86),6,6,0
4,750(87),3,3,0
4,751(88),14,10,4
4,752(89),4,3,1
4,753(90),1,1,0
4,754(91),3,2,1
4,755(92),5,4,1
4,756(93),7,5,2
4,757(94),6,5,1
4,758(95),2,1,1
4,759(96),4,2,2
4,760(97),2,2,0
4,761(98),4,3,1
4,762(99),1,1,0
4,763(100),2,2,0
4,764(101),2,2,0
4,765(102),2,2,0
4,766(103),5,4,1
4,767(104),4,3,1
4,768(105),3,2,1
4,769(106),1,1,0
4,770(107),3,2,1
4,771(108),1,1,0
4,772(109),1,1,0
4,773(110),4,3,1
4,774(111),3,3,0
4,775(112),3,3,0
4,776(113),2,2,0
4,777(114),3,2,1
4,778(115),5,4,1
4,779(116),1,1,0
4,780(117),3,3,0
4,781(118),2,2,0
4,782(119),7,6,1
4,783(120),3,2,1
4,784(121),1,1,0
4,785(122),6,4,2
4,786(123),2,1,1
4,787(124),1,1,0
4,788(125),2,1,1
4,789(126),5,3,2
4,790(127),4,2,2
4,791(128),4,3,1
4,792(129),3,3,0
4,793(130),4,3,1
4,794(131),5,4,1
4,795(132),4,2,2
4,796(133),7,6,1
4,797(134),4,3,1
4,798(135),6,6,0
4,799(136),1,1,0
4,800(137),7,3,4
4,801(138),0,3,-3
4,802(139),5,5,0
4,803(140),2,1,1
4,804(141),6,5,1
4,805(142),4,3,1
4,806(143),2,2,0
4,807(144),4,3,1
4,808(145),8,7,1
4,809(146),4,2,2
4,810(147),3,1,2
4,811(148),15,2,13
4,812(149),0,9,-9
4,813(150),3,2,1
4,814(151),3,2,1
4,815(152),8,2,6
4,816(153),0,4,-4
4,817(154),7,6,1
4,818(155),4,3,1
4,819(156),4,3,1
4,820(157),0,1,-1
4,821(158),6,5,1
4,822(159),1,1,0
4,823(160),4,2,2
4,824(161),0,1,-1
4,825(162),6,5,1
4,826(163),2,1,1
4,827(164),7,6,1
4,828(165),3,2,1
4,829(166),5,4,1
4,830(167),1,1,0
4,831(168),2,1,1
4,832(169),75,2,73
5,833(170),7,2,5
5,834(171),2,1,1
5,835(172),2,2,0
5,836(173),5,2,3
5,837(174),7,3,4
5,838(175),11,6,5
5,839(176),15,9,6
5,840(177),9,6,3
5,841(178),7,3,4
5,842(179),8,4,4
5,843(180),10,4,6
5,844(181),11,4,7
5,845(182),5,1,4
5,846(183),6,3,3
5,847(184),4,1,3
5,848(185),5,2,3
5,849(186),11,3,8
5,850(187),11,5,6
5,851(188),6,1,5
5,852(189),6,2,4
5,853(190),9,3,6
5,854(191),5,1,4
5,855(192),7,2,5
5,856(193),16,5,11
5,857(194),8,4,4
5,858(195),6,1,5
5,859(196),8,2,6
5,860(197),4,3,1
5,861(1),10,4,6
5,862(2),15,6,9
5,863(3),21,6,15
5,864(4),10,5,5
5,865(5),8,3,5
5,866(6),10,4,6
5,867(7),28,8,20
5,868(8),10,6,4
5,869(9),9,4,5
5,870(10),34,5,29
5,871(11),5,2,3
5,872(12),19,9,10
5,873(13),23,6,17
5,874(14),6,1,5
5,875(15),23,5,18
5,876(16),13,3,10
5,877(17),13,2,11
5,878(18),3,1,2
5,879(19),16,5,11
5,880(20),10,3,7
5,881(21),3,2,1
5,882(22),9,4,5
5,883(23),22,4,18
5,884(24),75,17,58
5,886(26),291,42,249
5,897(37),30,2,28
5,899(39),17,3,14
5,900(40),43,5,38
5,901(41),57,34,23
5,902(42),6,3,3
5,903(43),26,6,20
5,904(44),6,3,3
5,905(45),20,5,15
5,906(46),12,3,9
5,907(47),8,2,6
5,908(48),24,8,16
5,909(49),7,3,4
5,910(50),24,9,15
5,911(51),9,3,6
5,912(52),5,3,2
5,913(53),6,3,3
5,914(54),7,4,3
5,915(55),28,13,15
5,916(56),7,3,4
5,917(57),11,4,7
5,918(58),14,5,9
5,919(59),4,4,0
5,920(60),17,5,12
5,921(61),14,6,8
5,922(62),8,2,6
5,923(63),7,2,5
5,924(64),2,2,0
5,925(65),6,2,4
5,926(66),2,1,1
5,927(67),8,2,6
5,928(68),7,2,5
5,929(69),9,4,5
5,930(70),7,3,4
5,931(71),8,5,3
5,932(72),3,1,2
5,933(73),17,8,9
5,934(74),5,3,2
5,935(75),13,5,8
5,936(76),4,2,2
5,937(77),13,5,8
5,938(78),15,6,9
5,939(79),15,6,9
5,940(80),9,4,5
5,941(81),11,3,8
5,942(82),11,4,7
5,943(83),7,3,4
5,944(84),9,4,5
5,945(85),5,3,2
5,946(86),20,5,15
5,947(87),6,2,4
5,948(88),5,2,3
5,949(89),9,2,7
5,950(90),10,3,7
5,951(91),13,5,8
5,952(92),8,4,4
5,953(93),7,3,4
5,954(94),4,1,3
5,955(95),11,4,7
5,956(96),7,3,4
5,957(97),13,4,9
5,958(98),7,3,4
5,959(99),6,2,4
5,960(100),8,2,6
5,961(101),6,3,3
5,962(102),12,5,7
5,963(103),22,11,11
5,964(104),13,8,5
5,965(105),6,3,3
5,966(106),4,3,1
5,967(107),12,3,9
5,968(108),9,1,8
5,969(109),5,3,2
5,970(110),5,3,2
5,971(111),9,4,5
5,972(112),22,16,6
5,973(113),10,5,5
5,974(114),26,10,16
5,975(115),13,5,8
5,976(116),11,5,6
5,977(117),13,7,6
5,978(1),14,5,9
5,979(2),11,5,6
5,980(3),5,2,3
5,981(4),5,1,4
5,982(5),11,7,4
5,983(6),14,3,11
5,984(7),3,2,1
5,985(8),7,1,6
5,986(9),14,2,12
5,987(10),20,5,15
5,988(11),6,3,3
5,989(12),5,3,2
5,990(13),18,3,15
5,991(14),4,2,2
5,992(15),11,4,7
5,993(16),13,3,10
5,994(17),5,2,3
5,995(18),6,2,4
5,996(19),18,3,15
5,997(20),10,5,5
5,998(21),10,5,5
5,999(22),21,5,16
5,1000(23),24,8,16
5,1002(25),14,7,7
5,1003(26),7,2,5
5,1004(27),5,2,3
5,1005(28),15,5,10
5,1006(29),12,3,9
5,1007(30),487,12,475
6,1009(32),13,4,9
6,1010(33),8,3,5
6,1011(34),16,7,9
6,1012(35),11,3,8
6,1013(36),13,3,10
6,1014(37),8,2,6
6,1015(38),11,3,8
6,1016(39),7,2,5
6,1017(40),6,2,4
6,1018(41),9,5,4
6,1019(42),5,2,3
6,1020(43),6,2,4
6,1021(44),7,2,5
6,1022(45),8,2,6
6,1023(46),8,3,5
6,1024(47),15,4,11
6,1025(48),18,5,13
6,1026(49),5,1,4
6,1027(50),16,5,11
6,1028(51),11,4,7
6,1029(52),8,4,4
6,1030(53),15,7,8
6,1031(54),8,2,6
6,1032(55),8,3,5
6,1033(56),20,3,17
6,1034(57),27,8,19
6,1035(58),14,3,11
6,1036(59),4,4,0
6,1037(60),13,5,8
6,1038(61),12,2,10
6,1039(62),5,1,4
6,1040(63),7,2,5
6,1041(64),8,3,5
6,1042(65),6,2,4
6,1043(66),8,3,5
6,1044(67),17,5,12
6,1045(68),17,6,11
6,1046(69),26,9,17
6,1047(70),13,5,8
6,1048(71),9,2,7
6,1049(72),9,2,7
6,1050(73),14,5,9
6,1051(74),16,4,12
6,1052(75),7,2,5
6,1053(76),9,4,5
6,1054(77),8,2,6
6,1055(78),13,5,8
6,1056(79),6,2,4
6,1057(80),13,3,10
6,1058(81),7,4,3
6,1059(82),7,3,4
6,1060(83),10,4,6
6,1061(84),11,3,8
6,1062(85),23,6,17
6,1063(86),11,4,7
6,1064(87),20,3,17
6,1065(88),9,4,5
6,1066(89),8,1,7
6,1067(90),9,5,4
6,1068(91),10,4,6
6,1069(92),7,3,4
6,1070(93),4,2,2
6,1071(94),5,2,3
6,1072(95),11,4,7
6,1073(96),7,4,3
6,1074(97),10,4,6
6,1075(98),12,3,9
6,1076(99),11,3,8
6,1077(100),10,5,5
6,1078(101),15,8,7
6,1079(102),17,8,9
6,1080(103),15,5,10
6,1081(104),7,5,2
6,1082(105),11,3,8
6,1083(106),11,3,8
6,1084(107),14,8,6
6,1085(108),13,5,8
6,1086(109),8,3,5
6,1087(110),13,3,10
6,1088(111),6,1,5
6,1089(112),13,3,10
6,1090(113),2,2,0
6,1091(114),18,8,10
6,1092(115),9,5,4
6,1093(116),5,2,3
6,1094(117),18,5,13
6,1095(118),17,5,12
6,1096(119),10,4,6
6,1097(120),23,10,13
6,1098(121),16,6,10
6,1099(122),29,14,15
6,1100(123),11,6,5
6,1101(124),6,2,4
6,1102(125),7,2,5
6,1103(126),11,3,8
6,1104(127),6,3,3
6,1105(128),7,3,4
6,1106(129),5,2,3
6,1107(130),18,7,11
6,1108(131),42,12,30
6,1109(132),19,6,13
6,1110(133),15,6,9
6,1111(134),17,10,7
6,1112(135),10,6,4
6,1113(136),3,1,2
6,1114(137),10,6,4
6,1115(138),7,4,3
6,1116(139),9,4,5
6,1117(140),11,3,8
6,1118(141),12,5,7
6,1119(142),9,3,6
6,1120(143),15,3,12
6,1121(144),11,3,8
6,1122(145),18,6,12
6,1123(146),8,4,4
6,1124(147),11,4,7
6,1125(148),9,4,5
6,1126(149),14,3,11
6,1127(150),26,11,15
6,1128(151),6,2,4
6,1129(152),13,5,8
6,1130(153),13,3,10
6,1131(154),24,9,15
6,1132(155),6,3,3
6,1133(156),9,2,7
6,1134(157),13,7,6
6,1135(158),18,8,10
6,1136(159),14,4,10
6,1137(160),10,3,7
6,1138(161),13,5,8
6,1139(162),13,7,6
6,1140(163),12,6,6
6,1141(164),80,26,54
6,1143(166),13,3,10
6,1144(167),16,5,11
6,1145(168),10,3,7
6,1146(169),19,7,12
6,1147(170),17,6,11
6,1148(171),28,7,21
6,1149(172),36,13,23
6,1150(173),251,11,240
7,1151(1),26,4,22
7,1152(2),8,2,6
7,1153(3),6,1,5
7,1154(4),83,10,73
7,1155(5),41,11,30
7,1156(6),18,3,15
7,1157(7),15,4,11
7,1158(8),11,3,8
7,1159(9),19,4,15
7,1160(10),14,2,12
7,1161(11),8,2,6
7,1162(12),37,8,29
7,1163(13),14,3,11
7,1164(14),12,3,9
7,1165(15),25,5,20
7,1166(16),11,4,7
7,1167(17),30,9,21
7,1168(18),30,7,23
7,1169(19),17,5,12
7,1170(20),11,4,7
7,1171(21),18,4,14
7,1172(22),26,7,19
7,1173(23),20,4,16
7,1174(24),68,17,51
7,1175(25),4,2,2
7,1176(26),33,8,25
7,1177(27),27,5,22
7,1178(28),25,5,20
7,1179(29),21,2,19
7,1180(30),32,3,29
7,1181(31),20,9,11
7,1182(32),21,9,12
7,1183(33),21,5,16
7,1184(34),8,3,5
7,1185(35),15,5,10
7,1186(36),15,1,14
7,1187(37),13,2,11
7,1188(38),13,2,11
7,1189(39),10,3,7
7,1190(40),31,9,22
7,1191(41),3,1,2
7,1192(42),16,6,10
7,1193(43),16,1,15
7,1194(44),14,9,5
7,1195(45),25,5,20
7,1196(46),25,4,21
7,1197(47),5,1,4
7,1198(48),12,1,11
7,1199(49),39,13,26
7,1200(50),22,5,17
7,1201(51),28,3,25
7,1202(52),10,3,7
7,1203(53),7,2,5
7,1204(54),13,2,11
7,1205(55),15,4,11
7,1206(56),9,4,5
7,1207(57),24,6,18
7,1208(58),7,2,5
7,1209(59),11,4,7
7,1210(60),20,7,13
7,1211(61),10,1,9
7,1212(62),32,6,26
7,1213(63),36,6,30
7,1214(64),13,3,10
7,1215(65),17,4,13
7,1216(66),22,7,15
7,1217(67),14,6,8
7,1218(68),26,8,18
7,1219(69),13,6,7
7,1220(1),14,5,9
7,1221(2),17,2,15
7,1222(3),13,4,9
7,1223(4),13,2,11
7,1224(5),20,3,17
7,1225(6),10,3,7
7,1226(7),20,5,15
7,1227(8),12,3,9
7,1228(9),12,5,7
7,1229(10),16,5,11
7,1230(11),13,5,8
7,1231(12),8,2,6
7,1232(13),7,3,4
7,1233(14),6,5,1
7,1234(15),14,6,8
7,1235(16),26,9,17
7,1236(17),8,3,5
7,1237(18),10,4,6
7,1238(19),6,1,5
7,1239(20),9,1,8
7,1240(21),9,3,6
7,1241(22),13,6,7
7,1242(23),15,3,12
7,1243(24),13,5,8
7,1244(25),5,2,3
7,1245(26),15,4,11
7,1246(27),13,5,8
7,1247(28),24,8,16
7,1248(29),16,7,9
7,1249(30),25,7,18
7,1250(31),18,9,9
7,1251(32),16,3,13
7,1252(33),11,3,8
7,1253(34),28,9,19
7,1254(35),16,5,11
7,1255(36),23,5,18
7,1256(37),22,10,12
7,1257(38),15,5,10
7,1258(39),10,3,7
7,1259(40),12,3,9
7,1260(41),18,3,15
7,1261(42),20,5,15
7,1262(43),25,5,20
7,1263(44),24,7,17
7,1264(45),27,8,19
7,1265(46),15,4,11
7,1266(47),18,4,14
7,1267(48),11,4,7
7,1268(49),24,4,20
7,1269(50),17,5,12
7,1270(51),3,3,0
7,1271(52),8,4,4
7,1272(53),13,5,8
7,1273(54),20,4,16
7,1274(55),15,4,11
7,1275(56),16,5,11
7,1276(57),12,6,6
7,1277(58),9,2,7
7,1278(59),21,9,12
7,1279(60),22,7,15
7,1280(61),13,5,8
7,1281(62),16,6,10
7,1282(63),14,4,10
7,1283(64),68,4,64
8,1,98,0,98
8,1284(1),11,6,5
8,1285(2),2,1,1
8,1286(3),4,1,3
8,1287(4),7,2,5
8,1288(5),5,3,2
8,1289(6),7,3,4
8,1290(7),11,6,5
8,1291(8),19,11,8
8,1292(9),11,7,4
8,1293(10),6,3,3
8,1294(11),6,3,3
8,1295(12),6,1,5
8,1296(13),5,2,3
8,1297(14),4,2,2
8,1298(15),10,6,4
8,1299(16),10,7,3
8,1300(17),5,2,3
8,1301(18),10,7,3
8,1302(1),9,5,4
8,1303(2),3,2,1
8,1304(3),4,2,2
8,1305(4),6,3,3
8,1306(5),4,2,2
8,1307(6),4,2,2
8,1308(7),3,2,1
8,1309(8),10,3,7
8,1310(9),5,4,1
8,1311(10),5,2,3
8,1312(11),5,2,3
8,1313(12),3,2,1
8,1314(13),3,2,1
8,1315(14),9,5,4
8,1316(15),4,2,2
8,1317(16),8,3,5
8,1318(17),2,1,1
8,1319(18),3,1,2
8,1320(19),2,1,1
8,1321(20),6,1,5
8,1322(21),2,1,1
8,1323(22),9,4,5
8,1324(23),11,4,7
8,1325(24),7,2,5
8,1326(25),16,12,4
8,1327(26),9,4,5
8,1328(27),11,7,4
8,1329(1),6,3,3
8,1330(2),6,4,2
8,1331(3),8,4,4
8,1332(4),4,2,2
8,1333(5),6,2,4
8,1334(6),2,1,1
8,1335(7),6,2,4
8,1336(8),7,1,6
8,1337(9),7,1,6
8,1338(10),2,1,1
8,1339(11),13,8,5
8,1340(12),7,1,6
8,1341(13),5,1,4
8,1342(14),7,1,6
8,1343(15),9,3,6
8,1344(16),4,1,3
8,1345(17),5,1,4
8,1346(18),5,3,2
8,1347(19),6,1,5
8,1348(20),4,1,3
8,1349(21),3,1,2
8,1350(22),3,1,2
8,1351(23),4,1,3
8,1352(24),5,4,1
8,1353(25),6,2,4
8,1354(26),6,3,3
8,1355(27),12,5,7
8,1356(28),9,6,3
8,1357(29),37,21,16
8,1358(30),8,6,2
8,1359(31),6,4,2
8,1360(32),8,3,5
8,1361(33),1,1,0
8,1362(34),7,1,6
8,1363(35),17,11,6
8,1364(36),5,0,5
8,1365(37),8,6,2
8,1366(38),7,4,3
8,1367(39),12,4,8
8,1368(40),6,2,4
8,1369(41),6,3,3
8,1370(42),3,1,2
8,1371(43),10,1,9
8,1372(44),2,1,1
8,1373(45),6,3,3
8,1374(46),5,3,2
8,1375(47),16,7,9
8,1376(48),5,2,3
8,1377(49),12,6,6
8,1378(50),6,2,4
8,1379(51),4,2,2
8,1380(52),6,3,3
8,1381(53),4,3,1
8,1382(54),7,4,3
8,1383(55),5,4,1
8,1384(56),9,4,5
8,1385(57),10,3,7
8,1386(58),4,3,1
8,1387(59),23,9,14
8,1388(60),18,7,11
8,1389(61),10,3,7
8,1390(62),3,2,1
8,1391(63),8,3,5
8,1392(64),8,4,4
8,1393(65),10,7,3
8,1394(66),5,2,3
8,1395(67),6,4,2
8,1396(68),9,4,5
8,1397(69),10,7,3
8,1398(70),5,4,1
8,1399(71),5,3,2
8,1400(72),7,4,3
8,1401(73),8,5,3
8,1402(74),12,11,1
8,1403(75),2,1,1
8,1404(76),9,6,3
8,1405(77),5,2,3
8,1406(78),7,6,1
8,1407(79),12,10,2
8,1408(80),9,4,5
8,1409(81),6,2,4
8,1410(82),11,6,5
8,1411(83),9,6,3
8,1412(84),9,4,5
8,1413(85),5,4,1
8,1414(86),12,4,8
8,1415(87),7,2,5
8,1416(88),13,5,8
8,1417(89),6,3,3
8,1418(90),5,1,4
8,1419(91),7,2,5
8,1420(92),7,4,3
8,1421(93),4,2,2
8,1422(94),4,2,2
8,1423(95),3,2,1
8,1424(96),6,4,2
8,1425(97),8,3,5
8,1426(98),4,2,2
8,1427(99),9,6,3
8,1428(100),3,1,2
8,1429(101),11,6,5
8,1430(102),3,2,1
8,1431(103),6,3,3
8,1432(104),10,5,5
8,1433(105),9,5,4
8,1434(106),6,3,3
8,1435(107),4,3,1
8,1436(108),5,2,3
8,1437(109),9,2,7
8,1438(110),6,2,4
8,1439(111),6,2,4
8,1440(112),11,7,4
8,1441(113),5,4,1
8,1442(114),4,2,2
8,1443(115),4,2,2
8,1444(116),4,2,2
8,1445(117),6,3,3
8,1446(118),6,2,4
8,1447(119),4,1,3
8,1448(120),12,6,6
8,1449(121),13,7,6
8,1450(122),10,6,4
8,1451(123),6,3,3
8,1452(124),12,9,3
8,1453(125),5,3,2
8,1454(126),6,3,3
8,1455(127),3,2,1
8,1456(128),11,3,8
8,1457(129),5,4,1
8,1458(130),6,2,4
8,1459(131),5,1,4
8,1460(132),3,1,2
8,1461(133),3,2,1
8,1462(134),5,1,4
8,1463(135),6,3,3
8,1464(136),20,14,6
8,1465(137),25,15,10
8,1466(138),10,3,7
8,1467(139),10,6,4
8,1468(140),10,4,6
8,1469(141),8,5,3
8,1470(142),9,3,6
8,1471(143),3,1,2
8,1472(144),1,1,0
8,1473(145),2,1,1
8,1474(146),5,2,3
8,1475(147),7,5,2
8,1476(148),8,3,5
8,1477(149),19,15,4
8,1478(150),6,3,3
8,1479(151),5,3,2
8,1480(152),5,2,3
8,1481(153),6,4,2
8,1482(154),8,3,5
8,1483(155),3,1,2
8,1484(156),2,2,0
8,1485(157),5,2,3
8,1486(158),3,2,1
8,1487(159),16,6,10
8,1488(160),13,8,5
8,1489(161),10,6,4
8,1490(162),9,6,3
8,1491(163),5,3,2
8,1492(164),6,4,2
8,1493(165),4,3,1
8,1494(166),5,4,1
8,1495(167),6,4,2
8,1496(168),14,7,7
8,1497(169),13,7,6
8,1498(170),5,2,3
8,1499(171),11,4,7
8,1500(172),7,4,3
8,1501(173),8,3,5
8,1502(174),5,2,3
8,1503(175),9,3,6
8,1504(176),5,4,1
8,1505(177),10,5,5
8,1506(178),3,2,1
8,1507(179),5,1,4
8,1508(180),10,5,5
8,1509(181),7,3,4
8,1510(182),7,2,5
8,1511(183),6,4,2
8,1512(184),10,6,4
8,1513(185),6,4,2
8,1514(186),8,2,6
8,1515(187),5,3,2
8,1516(188),3,1,2
8,1517(189),8,2,6
8,1518(190),8,4,4
8,1519(191),4,2,2
8,1520(192),31,23,8
8,1521(193),10,5,5
8,1522(194),8,4,4
8,1523(195),4,1,3
8,1524(196),3,1,2
8,1525(197),3,1,2
8,1526(198),3,1,2
8,1527(199),125,2,123
9,1528(200),6,5,1
9,1529(201),3,2,1
9,1530(202),3,2,1
9,1531(203),3,2,1
9,1532(204),3,2,1
9,1533(205),4,3,1
9,1534(206),1,1,0
9,1535(207),2,1,1
9,1536(208),5,2,3
9,1537(209),2,1,1
9,1538(210),6,3,3
9,1539(211),6,3,3
9,1540(212),4,2,2
9,1541(213),3,2,1
9,1542(214),5,5,0
9,1543(215),4,2,2
9,1544(216),10,8,2
9,1545(217),3,3,0
9,1546(218),25,24,1
9,1547(219),3,2,1
9,1548(220),7,4,3
9,1549(221),9,6,3
9,1550(222),3,3,0
9,1551(223),3,3,0
9,1552(224),9,7,2
9,1553(225),1,1,0
9,1554(226),3,2,1
9,1555(227),2,1,1
9,1556(228),4,1,3
9,1557(229),2,2,0
9,1558(230),2,1,1
9,1559(231),3,2,1
9,1560(232),3,1,2
9,1561(233),3,3,0
9,1562(234),6,5,1
9,1563(235),2,1,1
9,1564(236),3,2,1
9,1565(237),4,3,1
9,1566(238),2,1,1
9,1567(239),4,3,1
9,1568(240),1,1,0
9,1569(241),1,1,0
9,1570(242),2,1,1
9,1571(243),2,1,1
9,1572(244),2,2,0
9,1573(245),1,1,0
9,1574(246),2,2,0
9,1575(247),3,3,0
9,1576(248),3,2,1
9,1577(249),5,4,1
9,1578(250),4,3,1
9,1579(251),3,3,0
9,1580(252),2,1,1
9,1581(253),4,3,1
9,1582(254),3,1,2
9,1583(255),6,6,0
9,1584(256),3,2,1
9,1585(257),4,4,0
9,1586(258),8,5,3
9,1587(259),7,6,1
9,1588(260),4,4,0
9,1589(261),9,8,1
9,1590(262),7,6,1
9,1591(263),16,14,2
9,1592(264),1,1,0
9,1593(265),3,1,2
9,1594(266),2,1,1
9,1595(267),4,3,1
9,1596(268),2,2,0
9,1597(269),3,2,1
9,1598(270),7,6,1
9,1599(271),10,8,2
9,1600(272),6,4,2
9,1601(273),20,18,2
9,1602(274),9,9,0
9,1603(275),3,3,0
9,1604(276),5,3,2
9,1605(277),4,3,1
9,1606(278),6,6,0
9,1607(279),3,3,0
9,1608(280),1,1,0
9,1609(281),3,2,1
9,1610(282),3,1,2
9,1611(283),2,1,1
9,1612(284),2,2,0
9,1613(285),12,10,2
9,1614(286),3,2,1
9,1615(287),4,3,1
9,1616(288),12,10,2
9,1617(289),6,5,1
9,1618(290),9,6,3
9,1619(291),6,5,1
9,1620(292),3,1,2
9,1621(293),4,3,1
9,1622(294),4,3,1
9,1623(295),3,2,1
9,1624(296),5,4,1
9,1625(297),1,1,0
9,1626(298),3,2,1
9,1627(299),2,1,1
9,1628(300),1,1,0
9,1629(301),2,1,1
9,1630(302),4,4,0
9,1632(304),2,1,1
9,1633(305),2,2,0
9,1634(306),11,7,4
9,1635(307),3,2,1
9,1636(308),12,6,6
9,1637(309),6,3,3
9,1638(310),4,2,2
9,1639(311),1,1,0
9,1640(312),4,3,1
9,1641(313),5,5,0
9,1642(314),7,5,2
9,1643(315),5,4,1
9,1644(316),5,2,3
9,1645(317),7,5,2
9,1647(319),3,2,1
9,1648(320),5,3,2
9,1649(321),4,3,1
9,1650(322),8,5,3
9,1651(323),5,4,1
9,1652(324),5,5,0
9,1653(325),4,2,2
9,1654(326),10,6,4
9,1655(327),9,6,3
9,1656(328),7,5,2
9,1657(329),9,7,2
9,1658(330),6,4,2
9,1659(331),5,3,2
9,1660(332),3,2,1
9,1661(333),4,3,1
9,1662(334),3,3,0
9,1663(335),10,7,3
9,1664(336),8,5,3
9,1665(337),12,7,5
9,1666(338),6,6,0
9,1667(339),3,2,1
9,1668(340),3,3,0
9,1669(341),1,1,0
9,1670(342),3,3,0
9,1671(343),1,1,0
9,1672(344),2,2,0
9,1673(345),5,5,0
9,1674(346),3,3,0
9,1675(347),3,2,1
9,1676(348),4,3,1
9,1677(349),4,4,0
9,1678(350),2,1,1
9,1679(351),2,2,0
9,1680(352),3,3,0
9,1681(353),4,3,1
9,1682(1),31,30,1
9,1683(2),8,5,3
9,1684(3),1,1,0
9,1685(4),7,6,1
9,1686(5),3,2,1
9,1687(6),2,1,1
9,1688(7),3,2,1
9,1689(8),3,2,1
9,1690(9),4,3,1
9,1691(10),13,10,3
9,1692(11),2,1,1
9,1693(12),8,7,1
9,1694(13),2,1,1
9,1695(14),19,12,7
9,1696(15),4,3,1
9,1697(16),6,3,3
9,1698(17),54,5,49
9,1699(18),12,7,5
9,1700(19),3,3,0
9,1701(20),11,8,3
9,1702(21),11,10,1
9,1703(22),3,3,0
9,1704(23),23,23,0
9,1705(24),10,8,2
9,1706(25),2,1,1
9,1707(26),7,4,3
9,1708(27),10,8,2
9,1709(28),8,7,1
9,1710(29),2,1,1
9,1711(30),5,5,0
9,1712(31),7,6,1
9,1713(32),4,2,2
9,1714(33),1,1,0
9,1715(34),5,4,1
9,1716(35),2,1,1
9,1717(36),5,5,0
9,1718(37),3,3,0
9,1719(38),4,4,0
9,1720(39),2,1,1
9,1721(40),4,3,1
9,1722(41),4,3,1
9,1723(42),3,2,1
9,1724(43),5,4,1
9,1725(44),8,5,3
9,1726(45),4,3,1
9,1727(46),1,1,0
9,1728(47),7,6,1
9,1729(48),5,3,2
9,1730(49),12,12,0
9,1731(50),5,3,2
9,1732(51),19,18,1
9,1733(52),6,5,1
9,1734(53),6,4,2
9,1735(54),4,3,1
9,1736(55),4,3,1
9,1737(56),434,4,430
10,1738(57),4,3,1
10,1739(58),3,2,1
10,1740(59),2,1,1
10,1741(60),3,2,1
10,1742(61),5,3,2
10,1743(62),4,4,0
10,1744(63),4,3,1
10,1745(64),1,1,0
10,1746(65),7,7,0
10,1747(66),3,2,1
10,1748(67),5,4,1
10,1749(68),6,4,2
10,1750(69),3,2,1
10,1751(70),4,2,2
10,1752(71),3,3,0
10,1753(72),4,2,2
10,1754(73),2,2,0
10,1755(74),3,2,1
10,1756(75),5,4,1
10,1757(76),9,9,0
10,1758(77),4,3,1
10,1759(78),2,1,1
10,1760(79),2,2,0
10,1761(80),4,3,1
10,1762(81),10,10,0
10,1763(82),5,3,2
10,1764(83),3,2,1
10,1765(84),13,11,2
10,1766(85),7,5,2
10,1767(86),4,3,1
10,1768(87),4,3,1
10,1769(88),1,1,0
10,1770(89),2,1,1
10,1771(90),6,3,3
10,1772(91),4,3,1
10,1773(92),2,1,1
10,1774(93),7,7,0
10,1775(94),6,4,2
10,1776(95),5,3,2
10,1777(96),6,4,2
10,1778(97),3,2,1
10,1779(98),2,1,1
10,1780(99),2,1,1
10,1781(100),3,3,0
10,1782(101),6,5,1
10,1783(102),6,5,1
10,1784(103),5,3,2
10,1785(104),6,5,1
10,1786(105),39,37,2
10,1787(106),5,4,1
10,1788(107),13,8,5
10,1789(108),2,1,1
10,1790(109),7,5,2
10,1791(110),6,3,3
10,1792(111),3,2,1
10,1793(112),15,13,2
10,1794(113),3,2,1
10,1795(114),2,2,0
10,1796(115),2,2,0
10,1797(116),5,3,2
10,1798(117),24,21,3
10,1803(122),3,3,0
10,1804(123),2,1,1
10,1805(124),2,2,0
10,1806(125),3,2,1
10,1807(126),7,6,1
10,1808(127),6,4,2
10,1809(128),14,12,2
10,1810(129),5,3,2
10,1811(130),7,6,1
10,1812(131),6,2,4
10,1813(132),9,8,1
10,1814(133),10,8,2
10,1815(134),5,3,2
10,1816(135),56,5,51
10,1817(136),2,1,1
10,1818(137),3,2,1
10,1819(138),3,2,1
10,1820(139),3,2,1
10,1821(140),2,2,0
10,1822(141),1,1,0
10,1823(142),5,5,0
10,1824(143),4,3,1
10,1825(144),3,1,2
10,1826(145),6,5,1
10,1827(146),2,2,0
10,1828(147),7,7,0
10,1829(148),4,3,1
10,1830(149),2,2,0
10,1831(150),1,1,0
10,1832(151),3,2,1
10,1833(152),2,2,0
10,1834(153),3,2,1
10,1835(154),7,5,2
10,1836(1),2,1,1
10,1837(2),2,1,1
10,1838(3),5,3,2
10,1839(4),1,1,0
10,1840(5),3,2,1
10,1841(6),4,3,1
10,1842(7),10,9,1
10,1843(8),3,2,1
10,1844(9),23,23,0
10,1845(10),19,18,1
10,1846(11),3,2,1
10,1847(12),2,2,0
10,1848(13),2,1,1
10,1849(14),1,1,0
10,1850(15),3,3,0
10,1851(16),4,4,0
10,1852(17),4,3,1
10,1853(18),2,1,1
10,1854(19),5,3,2
10,1855(20),2,1,1
10,1856(21),5,5,0
10,1857(22),6,5,1
10,1858(23),7,6,1
10,1859(24),4,3,1
10,1860(25),2,1,1
10,1861(26),1,1,0
10,1862(27),4,3,1
10,1863(28),6,5,1
10,1864(29),4,4,0
10,1865(30),17,17,0
10,1866(31),1,1,0
10,1867(32),4,3,1
10,1868(33),2,1,1
10,1869(34),8,7,1
10,1870(35),5,4,1
10,1871(36),2,1,1
10,1872(37),2,2,0
10,1873(38),1,1,0
10,1874(39),3,2,1
10,1875(40),2,2,0
10,1876(41),1,1,0
10,1877(42),2,1,1
10,1878(43),3,2,1
10,1879(44),2,1,1
10,1880(45),2,1,1
10,1881(46),4,2,2
10,1882(47),1,1,0
10,1883(48),5,4,1
10,1884(49),4,2,2
10,1885(50),8,6,2
10,1886(51),5,3,2
10,1887(52),3,3,0
10,1888(53),1,1,0
10,1889(54),5,5,0
10,1890(55),8,7,1
10,1891(56),2,2,0
10,1892(57),13,11,2
10,1893(58),3,2,1
10,1894(59),5,4,1
10,1895(60),4,2,2
10,1896(61),3,2,1
10,1897(62),3,3,0
10,1898(63),3,2,1
10,1899(64),3,2,1
10,1900(65),2,2,0
10,1901(66),2,1,1
10,1902(67),2,1,1
10,1903(68),1,1,0
10,1904(69),2,1,1
10,1905(70),3,2,1
10,1906(71),4,4,0
10,1907(72),2,2,0
10,1908(73),2,1,1
10,1909(74),2,1,1
10,1910(75),1,1,0
10,1911(76),2,1,1
10,1912(77),6,4,2
10,1913(78),3,2,1
10,1914(79),2,1,1
10,1915(80),2,1,1
10,1916(81),2,1,1
10,1917(82),3,2,1
10,1918(83),2,2,0
10,1919(84),2,1,1
10,1920(85),2,1,1
10,1921(86),1,1,0
10,1922(87),1,1,0
10,1923(88),2,1,1
10,1924(89),3,3,0
10,1925(90),4,2,2
10,1926(91),3,2,1
10,1927(92),1,1,0
10,1928(93),15,14,1
10,1929(94),4,3,1
10,1930(95),6,4,2
10,1931(96),5,4,1
10,1932(1),2,2,0
10,1933(2),2,1,1
10,1934(3),1,1,0
10,1935(4),2,1,1
10,1936(5),2,2,0
10,1937(6),10,8,2
10,1939(8),2,2,0
10,1940(9),3,1,2
10,1941(10),2,1,1
10,1942(11),1,1,0
10,1943(12),1,1,0
10,1944(13),3,2,1
10,1945(14),2,2,0
10,1946(15),2,2,0
10,1947(16),3,2,1
10,1948(17),2,1,1
10,1949(18),2,2,0
10,1950(19),2,2,0
10,1951(20),2,1,1
10,1952(21),2,2,0
10,1953(22),4,2,2
10,1954(23),1,1,0
10,1955(24),4,3,1
10,1956(25),2,1,1
10,1957(26),1,1,0
10,1958(27),2,1,1
10,1959(28),1,1,0
10,1960(29),3,2,1
10,1961(30),2,1,1
10,1962(31),1,1,0
10,1963(32),2,1,1
10,1964(33),4,3,1
10,1965(34),3,2,1
10,1966(35),2,2,0
10,1967(36),4,3,1
10,1968(37),1,1,0
10,1969(38),3,2,1
10,1970(39),2,2,0
10,1971(40),1,1,0
10,1972(41),3,2,1
10,1973(42),1,1,0
10,1974(43),5,5,0
10,1975(44),8,6,2
10,1977(46),2,2,0
10,1977(45),3,3,0
10,1978(47),6,5,1
10,1979(1),1,1,0
10,1980(2),6,5,1
10,1981(3),1,1,0
10,1982(4),4,3,1
10,1983(5),3,3,0
10,1984(6),1,1,0
10,1985(7),2,1,1
10,1986(8),8,5,3
10,1987(9),7,6,1
10,1988(1),6,5,1
10,1989(2),1,1,0
10,1990(3),14,13,1
10,1991(1),2,2,0
10,1992(2),7,5,2
10,1993(3),4,3,1
10,1994(4),1,1,0
10,1995(5),223,3,220
