Volume,Chapter,PDF_Paragraphs,Extracted_Paragraphs,Missing
1,1,0,82,-82
1,2,0,26,-26
1,3,0,18,-18
1,5,0,4,-4
1,6,0,2,-2
1,7,0,2,-2
1,8,0,3,-3
1,9,0,3,-3
1,10,0,2,-2
1,11,0,2,-2
1,12,0,3,-3
1,13,0,10,-10
1,14,0,4,-4
1,15,0,3,-3
1,16,0,4,-4
1,17,0,4,-4
1,18,0,2,-2
1,19,0,2,-2
1,20,0,2,-2
1,21,0,2,-2
1,22,0,1,-1
1,23,0,3,-3
1,24,0,3,-3
1,25,0,5,-5
1,26,0,6,-6
1,27,0,4,-4
1,28,0,3,-3
1,29,0,5,-5
1,30,0,4,-4
1,31,0,3,-3
1,32,0,6,-6
1,33,0,3,-3
1,34,0,6,-6
1,35,0,3,-3
1,36,0,6,-6
1,37,0,4,-4
1,38,0,7,-7
1,39,0,6,-6
1,40,0,3,-3
1,41,0,3,-3
1,42,0,3,-3
1,43,0,5,-5
1,44,0,2,-2
1,45,0,5,-5
1,46,0,7,-7
1,47,0,4,-4
1,48,0,5,-5
1,49,0,4,-4
1,50,0,2,-2
1,51,0,5,-5
1,52,0,7,-7
1,53,0,9,-9
1,54,0,3,-3
1,55,0,6,-6
1,56,0,3,-3
1,57,0,15,-15
1,58,0,6,-6
1,59,0,12,-12
1,60,0,10,-10
1,61,0,10,-10
1,62,0,3,-3
1,63,0,3,-3
1,64,0,6,-6
1,65,0,4,-4
1,66,0,4,-4
1,67,0,7,-7
1,68,0,5,-5
1,69,0,4,-4
1,70,0,6,-6
1,71,0,7,-7
1,72,0,3,-3
1,73,0,3,-3
1,74,0,2,-2
1,75,0,3,-3
1,76,0,3,-3
1,77,0,4,-4
1,78,0,5,-5
1,79,0,3,-3
1,80,0,4,-4
1,81,0,3,-3
1,82,0,2,-2
1,83,0,6,-6
1,84,0,5,-5
1,85,0,14,-14
1,86,0,6,-6
1,87,0,12,-12
1,88,0,19,-19
1,89,0,5,-5
1,90,0,9,-9
1,91,0,4,-4
1,92,0,7,-7
1,93,0,7,-7
1,94,0,10,-10
1,95,0,3,-3
1,96,0,7,-7
1,97,0,2,-2
1,98,0,3,-3
1,99,0,5,-5
1,100,0,3,-3
1,101,0,5,-5
1,102,0,3,-3
1,103,0,4,-4
1,104,0,3,-3
1,105,0,4,-4
1,106,0,3,-3
1,107,0,5,-5
1,108,0,3,-3
1,109,0,4,-4
1,110,0,5,-5
1,111,0,3,-3
1,112,0,3,-3
1,113,0,3,-3
1,114,0,6,-6
1,115,0,4,-4
1,116,0,3,-3
1,117,0,3,-3
1,118,0,4,-4
1,119,0,5,-5
1,120,0,4,-4
1,121,0,4,-4
1,122,0,6,-6
1,123,0,7,-7
1,124,0,6,-6
1,125,0,5,-5
1,126,0,6,-6
1,127,0,3,-3
1,128,0,3,-3
1,129,0,3,-3
1,130,0,3,-3
1,131,0,3,-3
1,132,0,3,-3
1,133,0,4,-4
1,134,0,3,-3
1,135,0,3,-3
1,136,0,3,-3
1,137,0,3,-3
1,138,0,4,-4
1,139,0,3,-3
1,140,0,2,-2
1,141,0,4,-4
1,142,0,4,-4
1,143,0,5,-5
1,144,0,3,-3
1,145,0,8,-8
1,146,0,4,-4
1,147,0,2,-2
1,148,0,3,-3
1,149,0,4,-4
1,150,0,5,-5
1,151,0,3,-3
1,152,0,3,-3
1,153,0,3,-3
1,154,0,3,-3
1,155,0,7,-7
1,156,0,3,-3
1,157,0,2,-2
1,158,0,10,-10
1,159,0,4,-4
1,160,0,7,-7
1,161,0,3,-3
1,162,0,2,-2
1,163,0,4,-4
1,164,0,3,-3
1,165,0,7,-7
1,166,0,5,-5
1,167,0,4,-4
1,168,0,4,-4
1,169,0,4,-4
1,170,0,2,-2
1,171,0,3,-3
1,172,0,2,-2
1,173,0,4,-4
1,174,0,3,-3
1,175,0,3,-3
1,176,0,5,-5
1,177,0,3,-3
1,178,0,4,-4
1,179,0,3,-3
1,180,0,3,-3
1,181,0,6,-6
1,182,0,4,-4
1,183,0,3,-3
1,184,0,4,-4
1,185,0,4,-4
1,186,0,4,-4
1,187,0,4,-4
1,188,0,5,-5
1,189,0,9,-9
1,190,0,4,-4
1,191,0,3,-3
1,192,0,5,-5
1,193,0,2,-2
1,194,0,4,-4
1,195,0,2,-2
1,196,0,3,-3
1,197,0,3,-3
1,198,0,4,-4
1,199,0,8,-8
2,200,0,5,-5
2,201,0,5,-5
2,202,0,3,-3
2,203,0,4,-4
2,204,0,6,-6
2,205,0,5,-5
2,206,0,5,-5
2,207,0,2,-2
2,208,0,3,-3
2,209,0,4,-4
2,210,0,3,-3
2,211,0,3,-3
2,212,0,4,-4
2,213,0,10,-10
2,214,0,4,-4
2,215,0,2,-2
2,216,0,3,-3
2,217,0,2,-2
2,218,0,6,-6
2,219,0,4,-4
2,220,0,5,-5
2,221,0,3,-3
2,222,0,7,-7
2,223,0,10,-10
2,224,0,3,-3
2,225,0,5,-5
2,226(1),0,2,-2
2,227(2),0,2,-2
2,228(3),0,4,-4
2,229(4),0,2,-2
2,230(5),0,11,-11
2,231(6),0,1,-1
2,232(7),0,2,-2
2,233(8),0,2,-2
2,234(9),0,3,-3
2,235(10),0,2,-2
2,236(11),0,8,-8
2,237(12),0,4,-4
2,238(13),0,6,-6
2,239(14),0,3,-3
2,240(15),0,2,-2
2,241(16),0,5,-5
2,242(17),0,4,-4
2,243(18),0,3,-3
2,244(19),0,7,-7
2,245(20),0,4,-4
2,246(21),0,3,-3
2,247(22),0,6,-6
2,248(23),0,3,-3
2,249(24),0,3,-3
2,250(25),0,3,-3
2,251(26),0,2,-2
2,252(27),0,4,-4
2,253(28),0,8,-8
2,254(29),0,3,-3
2,255(30),0,7,-7
2,256(31),0,4,-4
2,257(32),0,2,-2
2,258(33),0,4,-4
2,259(34),0,3,-3
2,260(35),0,3,-3
2,261(36),0,2,-2
2,262(37),0,1,-1
2,263(38),0,5,-5
2,264(39),0,2,-2
2,265(40),0,2,-2
2,266(41),0,4,-4
2,267(42),0,6,-6
2,268(43),0,3,-3
2,269(44),0,6,-6
2,270(45),0,5,-5
2,271(46),0,4,-4
2,272(47),0,3,-3
2,273(48),0,4,-4
2,274(49),0,2,-2
2,275(50),0,2,-2
2,276(51),0,8,-8
2,277(52),0,11,-11
2,278(53),0,12,-12
2,279(54),0,18,-18
2,280(55),0,2,-2
2,281(56),0,2,-2
2,282(57),0,2,-2
2,283(58),0,30,-30
2,284(59),0,2,-2
2,285(60),0,2,-2
2,286(61),0,6,-6
2,287(62),0,5,-5
2,288(63),0,12,-12
2,289(64),0,2,-2
2,290(65),0,3,-3
2,291(66),0,8,-8
2,292(67),0,4,-4
2,293(68),0,4,-4
2,294(69),0,4,-4
2,295(70),0,2,-2
2,296(71),0,6,-6
2,297(72),0,3,-3
2,298(1),0,5,-5
2,299(2),0,4,-4
2,300(3),0,4,-4
2,301(4),0,2,-2
2,302(5),0,4,-4
2,303(6),0,2,-2
2,304(7),0,2,-2
2,305(8),0,5,-5
2,306(9),0,1,-1
2,307(10),0,5,-5
2,308(11),0,5,-5
2,309(12),0,10,-10
2,310(13),0,6,-6
2,311(14),0,1,-1
2,312(15),0,3,-3
2,313(16),0,2,-2
2,314(17),0,3,-3
2,315(18),0,3,-3
2,316(19),0,3,-3
2,317(20),0,2,-2
2,318(21),0,3,-3
2,319(22),0,4,-4
2,320(23),0,5,-5
2,321(24),0,3,-3
2,322(25),0,3,-3
2,323(26),0,2,-2
2,324(27),0,2,-2
2,325(28),0,2,-2
2,326(29),0,3,-3
2,327(30),0,6,-6
2,328(31),0,4,-4
2,329(32),0,3,-3
2,330(33),0,5,-5
2,331(34),0,5,-5
2,332(35),0,3,-3
2,333(36),0,4,-4
2,334(37),0,3,-3
2,335(38),0,4,-4
2,336(39),0,4,-4
2,337(40),0,6,-6
2,338(41),0,4,-4
2,339(42),0,5,-5
2,340(43),0,4,-4
2,341(44),0,3,-3
2,342(45),0,3,-3
2,343(46),0,4,-4
2,344(47),0,2,-2
2,345(48),0,4,-4
2,346(49),0,6,-6
2,347(50),0,2,-2
2,348(51),0,2,-2
2,349(52),0,2,-2
2,350(53),0,2,-2
2,351(54),0,3,-3
2,352(55),0,2,-2
2,353(56),0,3,-3
2,354(57),0,2,-2
2,355(58),0,3,-3
2,356(59),0,2,-2
2,357(60),0,4,-4
2,358(61),0,10,-10
2,359(62),0,3,-3
2,360(63),0,3,-3
2,361(64),0,2,-2
2,362(65),0,4,-4
2,363(66),0,3,-3
2,364(67),0,3,-3
2,365(68),0,3,-3
2,366(69),0,3,-3
2,367(70),0,4,-4
2,368(71),0,4,-4
2,369(72),0,3,-3
2,370(73),0,3,-3
2,371(74),0,2,-2
2,372(75),0,4,-4
2,373(76),0,2,-2
2,374(77),0,3,-3
2,375(78),0,2,-2
2,376(79),0,4,-4
3,377(80),0,12,-12
3,378(81),0,19,-19
3,379(82),0,12,-12
3,380(83),0,12,-12
3,381(84),0,1,-1
3,382(85),0,3,-3
3,383(86),0,2,-2
3,384(87),0,1,-1
3,385(88),0,3,-3
3,386(89),0,3,-3
3,387(90),0,6,-6
3,388(91),0,2,-2
3,389(92),0,2,-2
3,390(93),0,2,-2
3,391(94),0,3,-3
3,392(95),0,3,-3
3,393(96),0,2,-2
3,394(97),0,2,-2
3,395(98),0,4,-4
3,396(99),0,2,-2
3,397(100),0,2,-2
3,398(101),0,3,-3
3,399(102),0,4,-4
3,400(103),0,3,-3
3,401(104),0,5,-5
3,402(105),0,3,-3
3,403(106),0,7,-7
3,404(107),0,2,-2
3,405(108),0,2,-2
3,406(109),0,4,-4
3,407(110),0,5,-5
3,408(111),0,7,-7
3,409(112),0,1,-1
3,410(113),0,3,-3
3,411(114),0,5,-5
3,412(115),0,4,-4
3,413(116),0,4,-4
3,414(117),0,5,-5
3,415(118),0,2,-2
3,416(119),0,3,-3
3,417(120),0,5,-5
3,418(121),0,4,-4
3,419(122),0,4,-4
3,420(123),0,3,-3
3,421(124),0,3,-3
3,422(125),0,3,-3
3,423(126),0,5,-5
3,424(127),0,4,-4
3,425(128),0,3,-3
3,426(129),0,3,-3
3,427(130),0,2,-2
3,428(131),0,11,-11
3,429(132),0,5,-5
3,430(133),0,20,-20
3,431(134),0,24,-24
3,432(135),0,5,-5
3,433(136),0,4,-4
3,434(137),0,3,-3
3,435(138),0,2,-2
3,436(139),0,4,-4
3,437(140),0,3,-3
3,438(141),0,6,-6
3,439(142),0,3,-3
3,440(143),0,3,-3
3,441(144),0,3,-3
3,442(145),0,6,-6
3,443(146),0,8,-8
3,444(147),0,4,-4
3,445(148),0,5,-5
3,446(149),0,4,-4
3,447(150),0,2,-2
3,448(151),0,2,-2
3,449(152),0,5,-5
3,450(153),0,4,-4
3,451(154),0,6,-6
3,452(155),0,6,-6
3,453(156),0,2,-2
3,454(157),0,6,-6
3,455(158),0,7,-7
3,456(159),0,3,-3
3,457(160),0,2,-2
3,458(161),0,4,-4
3,459(162),0,2,-2
3,460(163),0,5,-5
3,461(164),0,6,-6
3,462(165),0,2,-2
3,463(166),0,2,-2
3,464(167),0,3,-3
3,465(168),0,3,-3
3,466(169),0,2,-2
3,467(170),0,6,-6
3,468(171),0,4,-4
3,469(172),0,4,-4
3,470(173),0,5,-5
3,471(174),0,2,-2
3,472(175),0,3,-3
3,473(176),0,5,-5
3,474(177),0,10,-10
3,475(178),0,14,-14
3,476(179),0,2,-2
3,477(180),0,5,-5
3,478(181),0,3,-3
3,479(182),0,2,-2
3,480(183),0,4,-4
3,481(184),0,3,-3
3,482(185),0,5,-5
3,483(186),0,6,-6
3,484(187),0,4,-4
3,485(188),0,2,-2
3,486(189),0,6,-6
3,487(190),0,6,-6
3,488(191),0,3,-3
3,489(192),0,3,-3
3,490(193),0,2,-2
3,491(194),0,4,-4
3,492(195),0,4,-4
3,493(196),0,3,-3
3,494(197),0,6,-6
3,495(198),0,5,-5
3,496(199),0,3,-3
3,497(200),0,7,-7
3,498(201),0,4,-4
3,499(202),0,2,-2
3,500(203),0,5,-5
3,501(204),0,4,-4
3,502(205),0,3,-3
3,503(206),0,6,-6
3,504(207),0,2,-2
3,505(208),0,1,-1
3,506(209),0,1,-1
3,507(210),0,1,-1
3,508(211),0,2,-2
3,509(212),0,4,-4
3,510(213),0,4,-4
3,511(214),0,3,-3
3,512(215),0,2,-2
3,513(216),0,2,-2
3,514(217),0,2,-2
3,515(218),0,7,-7
3,516(219),0,5,-5
3,517(220),0,2,-2
3,518(221),0,4,-4
3,519(222),0,2,-2
3,520(223),0,1,-1
3,521(224),0,2,-2
3,522(225),0,3,-3
3,523(226),0,2,-2
3,524(227),0,3,-3
3,525(228),0,3,-3
3,526(229),0,3,-3
3,527(230),0,3,-3
3,528(231),0,2,-2
3,529(232),0,2,-2
3,530(233),0,2,-2
3,531(234),0,2,-2
3,532(235),0,2,-2
3,533(236),0,2,-2
3,534(237),0,1,-1
3,535(238),0,4,-4
3,536(239),0,4,-4
3,537(240),0,3,-3
3,538(241),0,3,-3
3,539(242),0,3,-3
3,540(243),0,3,-3
3,541(244),0,2,-2
3,542(245),0,4,-4
3,543(246),0,4,-4
3,544(247),0,4,-4
3,545(248),0,2,-2
3,546(249),0,2,-2
3,547(250),0,1,-1
3,548(251),0,2,-2
3,549(252),0,5,-5
3,550(253),0,4,-4
3,551(254),0,3,-3
3,552(255),0,5,-5
3,553(256),0,3,-3
3,554(257),0,2,-2
3,555(258),0,4,-4
3,556(259),0,4,-4
3,557(260),0,1,-1
3,558(261),0,5,-5
3,559(262),0,3,-3
3,560(263),0,3,-3
3,561(264),0,5,-5
3,562(265),0,2,-2
3,563(266),0,6,-6
3,564(267),0,3,-3
3,565(268),0,6,-6
3,566(269),0,1,-1
3,567(270),0,2,-2
3,568(271),0,2,-2
3,569(272),0,2,-2
3,570(273),0,2,-2
3,571(274),0,2,-2
3,572(275),0,4,-4
3,573(276),0,2,-2
3,574(277),0,6,-6
3,575(278),0,10,-10
3,576(279),0,2,-2
3,577(280),0,3,-3
3,578(281),0,7,-7
3,579(282),0,6,-6
3,580(283),0,4,-4
3,581(284),0,3,-3
3,582(285),0,1,-1
3,583(286),0,3,-3
3,584(287),0,3,-3
3,585(288),0,3,-3
3,586(289),0,2,-2
3,587(290),0,3,-3
3,588(291),0,8,-8
3,589(292),0,3,-3
3,590(293),0,2,-2
3,591(294),0,5,-5
3,592(295),0,2,-2
3,593(296),0,10,-10
3,594(297),0,47,-47
3,595(298),0,8,-8
3,596(299),0,5,-5
4,597(1),0,2,-2
4,598(2),0,3,-3
4,599(3),0,7,-7
4,600(4),0,4,-4
4,601(5),0,3,-3
4,602(6),0,2,-2
4,603(7),0,1,-1
4,604(8),0,7,-7
4,605(9),0,1,-1
4,606(10),0,4,-4
4,607(11),0,1,-1
4,608(12),0,4,-4
4,609(13),0,2,-2
4,610(14),0,3,-3
4,611(15),0,6,-6
4,612(16),0,1,-1
4,613(17),0,2,-2
4,614(18),0,4,-4
4,615(19),0,5,-5
4,616(20),0,3,-3
4,617(21),0,7,-7
4,618(22),0,4,-4
4,619(23),0,5,-5
4,620(24),0,2,-2
4,621(25),0,1,-1
4,622(26),0,1,-1
4,623(27),0,2,-2
4,624(28),0,1,-1
4,625(29),0,2,-2
4,626(30),0,3,-3
4,627(31),0,2,-2
4,628(32),0,4,-4
4,629(33),0,2,-2
4,630(34),0,2,-2
4,631(35),0,3,-3
4,632(36),0,4,-4
4,633(37),0,1,-1
4,634(38),0,4,-4
4,635(39),0,7,-7
4,636(40),0,6,-6
4,637(41),0,5,-5
4,638(42),0,1,-1
4,639(43),0,1,-1
4,640(44),0,1,-1
4,641(45),0,1,-1
4,642(46),0,4,-4
4,643(47),0,3,-3
4,644(48),0,3,-3
4,645(49),0,1,-1
4,646(50),0,3,-3
4,647(51),0,1,-1
4,648(52),0,1,-1
4,649(53),0,5,-5
4,650(54),0,2,-2
4,651(55),0,4,-4
4,652(56),0,3,-3
4,653(57),0,1,-1
4,654(58),0,1,-1
4,655(59),0,3,-3
4,656(60),0,2,-2
4,657(61),0,4,-4
4,658(62),0,2,-2
4,659(63),0,4,-4
4,660(64),0,6,-6
4,661(65),0,2,-2
4,662(66),0,4,-4
4,663(67),0,8,-8
4,664(1),0,3,-3
4,665(2),0,2,-2
4,666(3),0,2,-2
4,667(4),0,2,-2
4,668(5),0,2,-2
4,669(6),0,2,-2
4,670(7),0,4,-4
4,671(8),0,2,-2
4,672(9),0,4,-4
4,673(10),0,5,-5
4,674(11),0,3,-3
4,675(12),0,3,-3
4,676(13),0,3,-3
4,677(14),0,2,-2
4,678(15),0,3,-3
4,679(16),0,4,-4
4,680(17),0,3,-3
4,681(18),0,4,-4
4,682(19),0,2,-2
4,683(20),0,1,-1
4,684(21),0,3,-3
4,685(22),0,4,-4
4,686(23),0,2,-2
4,687(24),0,1,-1
4,688(25),0,2,-2
4,689(26),0,3,-3
4,690(27),0,2,-2
4,691(28),0,1,-1
4,692(29),0,5,-5
4,693(30),0,6,-6
4,694(31),0,2,-2
4,695(32),0,2,-2
4,696(33),0,15,-15
4,697(34),0,6,-6
4,698(35),0,25,-25
4,699(36),0,9,-9
4,700(37),0,7,-7
4,701(38),0,3,-3
4,702(39),0,7,-7
4,703(40),0,3,-3
4,704(41),0,6,-6
4,705(42),0,7,-7
4,706(43),0,8,-8
4,707(44),0,6,-6
4,708(45),0,3,-3
4,709(46),0,4,-4
4,710(47),0,9,-9
4,711(48),0,3,-3
4,712(49),0,5,-5
4,713(50),0,2,-2
4,714(51),0,1,-1
4,715(52),0,1,-1
4,716(53),0,1,-1
4,717(54),0,6,-6
4,718(55),0,4,-4
4,719(56),0,6,-6
4,720(57),0,4,-4
4,721(58),0,4,-4
4,722(59),0,2,-2
4,723(60),0,1,-1
4,724(61),0,1,-1
4,725(62),0,2,-2
4,726(63),0,1,-1
4,727(64),0,2,-2
4,728(65),0,1,-1
4,729(66),0,1,-1
4,730(67),0,11,-11
4,731(68),0,2,-2
4,732(69),0,1,-1
4,733(70),0,4,-4
4,734(71),0,2,-2
4,735(72),0,2,-2
4,736(73),0,1,-1
4,737(74),0,1,-1
4,738(75),0,2,-2
4,739(76),0,1,-1
4,740(77),0,1,-1
4,741(78),0,1,-1
4,742(79),0,3,-3
4,743(80),0,4,-4
4,744(81),0,7,-7
4,745(82),0,4,-4
4,746(83),0,1,-1
4,747(84),0,1,-1
4,748(85),0,1,-1
4,749(86),0,6,-6
4,750(87),0,3,-3
4,751(88),0,9,-9
4,752(89),0,3,-3
4,753(90),0,1,-1
4,754(91),0,2,-2
4,755(92),0,4,-4
4,756(93),0,5,-5
4,757(94),0,5,-5
4,758(95),0,1,-1
4,759(96),0,2,-2
4,760(97),0,2,-2
4,761(98),0,2,-2
4,762(99),0,1,-1
4,763(100),0,1,-1
4,764(101),0,2,-2
4,765(102),0,2,-2
4,766(103),0,4,-4
4,767(104),0,3,-3
4,768(105),0,2,-2
4,769(106),0,1,-1
4,770(107),0,1,-1
4,771(108),0,1,-1
4,772(109),0,1,-1
4,773(110),0,4,-4
4,774(111),0,3,-3
4,775(112),0,3,-3
4,776(113),0,2,-2
4,777(114),0,2,-2
4,778(115),0,4,-4
4,779(116),0,1,-1
4,780(117),0,3,-3
4,781(118),0,2,-2
4,782(119),0,6,-6
4,783(120),0,2,-2
4,784(121),0,1,-1
4,785(122),0,3,-3
4,786(123),0,1,-1
4,787(124),0,1,-1
4,788(125),0,1,-1
4,789(126),0,3,-3
4,790(127),0,2,-2
4,791(128),0,3,-3
4,792(129),0,3,-3
4,793(130),0,3,-3
4,794(131),0,4,-4
4,795(132),0,2,-2
4,796(133),0,6,-6
4,797(134),0,3,-3
4,798(135),0,6,-6
4,799(136),0,1,-1
4,800(137),0,3,-3
4,801(138),0,3,-3
4,802(139),0,4,-4
4,803(140),0,1,-1
4,804(141),0,5,-5
4,805(142),0,3,-3
4,806(143),0,2,-2
4,807(144),0,3,-3
4,808(145),0,7,-7
4,809(146),0,2,-2
4,810(147),0,1,-1
4,811(148),0,2,-2
4,812(149),0,9,-9
4,813(150),0,2,-2
4,814(151),0,2,-2
4,815(152),0,2,-2
4,816(153),0,4,-4
4,817(154),0,6,-6
4,818(155),0,3,-3
4,819(156),0,3,-3
4,820(157),0,1,-1
4,821(158),0,4,-4
4,822(159),0,1,-1
4,823(160),0,2,-2
4,824(161),0,1,-1
4,825(162),0,5,-5
4,826(163),0,1,-1
4,827(164),0,6,-6
4,828(165),0,2,-2
4,829(166),0,4,-4
4,830(167),0,1,-1
4,831(168),0,1,-1
4,832(169),0,2,-2
5,833(170),0,2,-2
5,834(171),0,1,-1
5,835(172),0,2,-2
5,836(173),0,2,-2
5,837(174),0,3,-3
5,838(175),0,6,-6
5,839(176),0,9,-9
5,840(177),0,6,-6
5,841(178),0,3,-3
5,842(179),0,4,-4
5,843(180),0,4,-4
5,844(181),0,4,-4
5,845(182),0,1,-1
5,846(183),0,3,-3
5,847(184),0,1,-1
5,848(185),0,2,-2
5,849(186),0,3,-3
5,850(187),0,5,-5
5,851(188),0,1,-1
5,852(189),0,2,-2
5,853(190),0,3,-3
5,854(191),0,1,-1
5,855(192),0,2,-2
5,856(193),0,5,-5
5,857(194),0,4,-4
5,858(195),0,1,-1
5,859(196),0,1,-1
5,860(197),0,3,-3
5,861(1),0,4,-4
5,862(2),0,6,-6
5,863(3),0,5,-5
5,864(4),0,5,-5
5,865(5),0,3,-3
5,866(6),0,4,-4
5,867(7),0,8,-8
5,868(8),0,5,-5
5,869(9),0,4,-4
5,870(10),0,5,-5
5,871(11),0,2,-2
5,872(12),0,8,-8
5,873(13),0,6,-6
5,874(14),0,1,-1
5,875(15),0,5,-5
5,876(16),0,3,-3
5,877(17),0,2,-2
5,878(18),0,1,-1
5,879(19),0,5,-5
5,880(20),0,3,-3
5,881(21),0,2,-2
5,882(22),0,4,-4
5,883(23),0,4,-4
5,884(24),0,17,-17
5,886(26),0,42,-42
5,897(37),0,2,-2
5,899(39),0,3,-3
5,900(40),0,5,-5
5,901(41),0,35,-35
5,902(42),0,3,-3
5,903(43),0,6,-6
5,904(44),0,3,-3
5,905(45),0,5,-5
5,906(46),0,3,-3
5,907(47),0,2,-2
5,908(48),0,8,-8
5,909(49),0,3,-3
5,910(50),0,9,-9
5,911(51),0,3,-3
5,912(52),0,3,-3
5,913(53),0,3,-3
5,914(54),0,4,-4
5,915(55),0,12,-12
5,916(56),0,3,-3
5,917(57),0,4,-4
5,918(58),0,5,-5
5,919(59),0,4,-4
5,920(60),0,5,-5
5,921(61),0,6,-6
5,922(62),0,2,-2
5,923(63),0,2,-2
5,924(64),0,2,-2
5,925(65),0,2,-2
5,926(66),0,1,-1
5,927(67),0,2,-2
5,928(68),0,2,-2
5,929(69),0,4,-4
5,930(70),0,3,-3
5,931(71),0,5,-5
5,932(72),0,1,-1
5,933(73),0,7,-7
5,934(74),0,3,-3
5,935(75),0,5,-5
5,936(76),0,2,-2
5,937(77),0,5,-5
5,938(78),0,6,-6
5,939(79),0,6,-6
5,940(80),0,4,-4
5,941(81),0,3,-3
5,942(82),0,4,-4
5,943(83),0,3,-3
5,944(84),0,4,-4
5,945(85),0,3,-3
5,946(86),0,5,-5
5,947(87),0,2,-2
5,948(88),0,2,-2
5,949(89),0,2,-2
5,950(90),0,3,-3
5,951(91),0,5,-5
5,952(92),0,4,-4
5,953(93),0,3,-3
5,954(94),0,1,-1
5,955(95),0,4,-4
5,956(96),0,3,-3
5,957(97),0,4,-4
5,958(98),0,3,-3
5,959(99),0,2,-2
5,960(100),0,2,-2
5,961(101),0,3,-3
5,962(102),0,5,-5
5,963(103),0,10,-10
5,964(104),0,8,-8
5,965(105),0,3,-3
5,966(106),0,3,-3
5,967(107),0,3,-3
5,968(108),0,1,-1
5,969(109),0,3,-3
5,970(110),0,3,-3
5,971(111),0,4,-4
5,972(112),0,16,-16
5,973(113),0,5,-5
5,974(114),0,10,-10
5,975(115),0,5,-5
5,976(116),0,5,-5
5,977(117),0,7,-7
5,978(1),0,5,-5
5,979(2),0,5,-5
5,980(3),0,2,-2
5,981(4),0,1,-1
5,982(5),0,7,-7
5,983(6),0,3,-3
5,984(7),0,2,-2
5,985(8),0,1,-1
5,986(9),0,2,-2
5,987(10),0,4,-4
5,988(11),0,3,-3
5,989(12),0,3,-3
5,990(13),0,3,-3
5,991(14),0,2,-2
5,992(15),0,5,-5
5,993(16),0,3,-3
5,994(17),0,2,-2
5,995(18),0,2,-2
5,996(19),0,3,-3
5,997(20),0,5,-5
5,998(21),0,4,-4
5,999(22),0,4,-4
5,1000(23),0,6,-6
5,1002(25),0,6,-6
5,1003(26),0,2,-2
5,1004(27),0,2,-2
5,1005(28),0,4,-4
5,1006(29),0,3,-3
5,1007(30),0,12,-12
6,1009(32),0,4,-4
6,1010(33),0,3,-3
6,1011(34),0,7,-7
6,1012(35),0,3,-3
6,1013(36),0,3,-3
6,1014(37),0,2,-2
6,1015(38),0,3,-3
6,1016(39),0,2,-2
6,1017(40),0,2,-2
6,1018(41),0,4,-4
6,1019(42),0,2,-2
6,1020(43),0,1,-1
6,1021(44),0,2,-2
6,1022(45),0,2,-2
6,1023(46),0,3,-3
6,1024(47),0,4,-4
6,1025(48),0,5,-5
6,1026(49),0,1,-1
6,1027(50),0,5,-5
6,1028(51),0,3,-3
6,1029(52),0,4,-4
6,1030(53),0,7,-7
6,1031(54),0,2,-2
6,1032(55),0,3,-3
6,1033(56),0,3,-3
6,1034(57),0,7,-7
6,1035(58),0,3,-3
6,1036(59),0,4,-4
6,1037(60),0,4,-4
6,1038(61),0,2,-2
6,1039(62),0,1,-1
6,1040(63),0,2,-2
6,1041(64),0,3,-3
6,1042(65),0,2,-2
6,1043(66),0,3,-3
6,1044(67),0,5,-5
6,1045(68),0,6,-6
6,1046(69),0,9,-9
6,1047(70),0,5,-5
6,1048(71),0,2,-2
6,1049(72),0,2,-2
6,1050(73),0,5,-5
6,1051(74),0,4,-4
6,1052(75),0,2,-2
6,1053(76),0,4,-4
6,1054(77),0,2,-2
6,1055(78),0,5,-5
6,1056(79),0,2,-2
6,1057(80),0,3,-3
6,1058(81),0,4,-4
6,1059(82),0,3,-3
6,1060(83),0,4,-4
6,1061(84),0,2,-2
6,1062(85),0,6,-6
6,1063(86),0,4,-4
6,1064(87),0,3,-3
6,1065(88),0,4,-4
6,1066(89),0,1,-1
6,1067(90),0,5,-5
6,1068(91),0,4,-4
6,1069(92),0,3,-3
6,1070(93),0,2,-2
6,1071(94),0,2,-2
6,1072(95),0,4,-4
6,1073(96),0,4,-4
6,1074(97),0,4,-4
6,1075(98),0,3,-3
6,1076(99),0,2,-2
6,1077(100),0,5,-5
6,1078(101),0,8,-8
6,1079(102),0,8,-8
6,1080(103),0,5,-5
6,1081(104),0,5,-5
6,1082(105),0,3,-3
6,1083(106),0,3,-3
6,1084(107),0,7,-7
6,1085(108),0,5,-5
6,1086(109),0,3,-3
6,1087(110),0,3,-3
6,1088(111),0,1,-1
6,1089(112),0,3,-3
6,1090(113),0,2,-2
6,1091(114),0,8,-8
6,1092(115),0,4,-4
6,1093(116),0,2,-2
6,1094(117),0,5,-5
6,1095(118),0,5,-5
6,1096(119),0,4,-4
6,1097(120),0,10,-10
6,1098(121),0,6,-6
6,1099(122),0,13,-13
6,1100(123),0,6,-6
6,1101(124),0,2,-2
6,1102(125),0,2,-2
6,1103(126),0,3,-3
6,1104(127),0,3,-3
6,1105(128),0,3,-3
6,1106(129),0,2,-2
6,1107(130),0,6,-6
6,1108(131),0,12,-12
6,1109(132),0,6,-6
6,1110(133),0,6,-6
6,1111(134),0,9,-9
6,1112(135),0,6,-6
6,1113(136),0,1,-1
6,1114(137),0,6,-6
6,1115(138),0,4,-4
6,1116(139),0,4,-4
6,1117(140),0,3,-3
6,1118(141),0,5,-5
6,1119(142),0,3,-3
6,1120(143),0,3,-3
6,1121(144),0,3,-3
6,1122(145),0,6,-6
6,1123(146),0,4,-4
6,1124(147),0,4,-4
6,1125(148),0,4,-4
6,1126(149),0,3,-3
6,1127(150),0,11,-11
6,1128(151),0,2,-2
6,1129(152),0,5,-5
6,1130(153),0,3,-3
6,1131(154),0,9,-9
6,1132(155),0,2,-2
6,1133(156),0,2,-2
6,1134(157),0,7,-7
6,1135(158),0,8,-8
6,1136(159),0,4,-4
6,1137(160),0,3,-3
6,1138(161),0,5,-5
6,1139(162),0,7,-7
6,1140(163),0,6,-6
6,1141(164),0,25,-25
6,1143(166),0,3,-3
6,1144(167),0,5,-5
6,1145(168),0,3,-3
6,1146(169),0,6,-6
6,1147(170),0,6,-6
6,1148(171),0,7,-7
6,1149(172),0,12,-12
6,1150(173),0,10,-10
7,1151(1),23,4,19
7,1152(2),5,2,3
7,1153(3),5,1,4
7,1154(4),63,9,54
7,1155(5),39,11,28
7,1156(6),14,3,11
7,1157(7),12,4,8
7,1158(8),7,3,4
7,1159(9),12,3,9
7,1160(10),9,2,7
7,1161(11),5,2,3
7,1162(12),31,8,23
7,1163(13),11,3,8
7,1164(14),9,3,6
7,1165(15),19,4,15
7,1166(16),10,4,6
7,1167(17),26,9,17
7,1168(18),25,7,18
7,1169(19),14,5,9
7,1170(20),10,4,6
7,1171(21),16,4,12
7,1172(22),22,7,15
7,1173(23),14,4,10
7,1174(24),60,17,43
7,1175(25),4,2,2
7,1176(26),31,7,24
7,1177(27),21,5,16
7,1178(28),24,4,20
7,1179(29),13,2,11
7,1180(30),26,3,23
7,1181(31),17,9,8
7,1182(32),20,9,11
7,1183(33),17,5,12
7,1184(34),7,3,4
7,1185(35),13,5,8
7,1186(36),10,1,9
7,1187(37),10,2,8
7,1188(38),11,2,9
7,1189(39),8,3,5
7,1190(40),27,8,19
7,1191(41),2,1,1
7,1192(42),15,6,9
7,1193(43),14,1,13
7,1194(44),13,9,4
7,1195(45),21,5,16
7,1196(46),20,2,18
7,1197(47),4,1,3
7,1198(48),9,1,8
7,1199(49),37,12,25
7,1200(50),17,5,12
7,1201(51),25,3,22
7,1202(52),8,3,5
7,1203(53),6,2,4
7,1204(54),12,2,10
7,1205(55),12,4,8
7,1206(56),8,4,4
7,1207(57),20,6,14
7,1208(58),4,2,2
7,1209(59),10,4,6
7,1210(60),17,6,11
7,1211(61),7,1,6
7,1212(62),27,6,21
7,1213(63),28,6,22
7,1214(64),10,3,7
7,1215(65),13,4,9
7,1216(66),17,7,10
7,1217(67),13,5,8
7,1218(68),22,8,14
7,1219(69),34,6,28
7,1220(1),13,5,8
7,1221(2),14,2,12
7,1222(3),11,4,7
7,1223(4),10,2,8
7,1224(5),15,3,12
7,1225(6),8,3,5
7,1226(7),14,5,9
7,1227(8),10,2,8
7,1228(9),10,5,5
7,1229(10),13,5,8
7,1230(11),11,5,6
7,1231(12),6,2,4
7,1232(13),6,3,3
7,1233(14),5,5,0
7,1234(15),12,6,6
7,1235(16),42,9,33
7,1236(17),5,3,2
7,1237(18),8,4,4
7,1238(19),5,1,4
7,1239(20),8,1,7
7,1240(21),8,3,5
7,1241(22),10,6,4
7,1242(23),12,3,9
7,1243(24),11,5,6
7,1244(25),4,2,2
7,1245(26),11,4,7
7,1246(27),12,5,7
7,1247(28),53,8,45
7,1248(29),14,7,7
7,1249(30),17,7,10
7,1250(31),17,9,8
7,1251(32),11,3,8
7,1252(33),8,3,5
7,1253(34),25,9,16
7,1254(35),16,5,11
7,1255(36),18,4,14
7,1256(37),18,10,8
7,1257(38),12,5,7
7,1258(39),8,3,5
7,1259(40),11,2,9
7,1260(41),12,3,9
7,1261(42),16,5,11
7,1262(43),19,3,16
7,1263(44),23,7,16
7,1264(45),24,8,16
7,1265(46),12,4,8
7,1266(47),16,4,12
7,1267(48),10,4,6
7,1268(49),19,4,15
7,1269(50),15,5,10
7,1270(51),4,3,1
7,1271(52),6,4,2
7,1272(53),28,5,23
7,1273(54),17,4,13
7,1274(55),13,4,9
7,1275(56),13,5,8
7,1276(57),10,6,4
7,1277(58),6,2,4
7,1278(59),16,7,9
7,1279(60),17,7,10
7,1280(61),12,5,7
7,1281(62),15,5,10
7,1282(63),12,4,8
7,1283(64),7,4,3
8,1284(1),7,6,1
8,1285(2),1,1,0
8,1286(3),3,1,2
8,1287(4),3,2,1
8,1288(5),4,3,1
8,1289(6),4,2,2
8,1290(7),8,5,3
8,1291(8),15,11,4
8,1292(9),17,7,10
8,1293(10),4,3,1
8,1294(11),3,3,0
8,1295(12),3,1,2
8,1296(13),2,2,0
8,1297(14),3,2,1
8,1298(15),7,6,1
8,1299(16),8,7,1
8,1300(17),2,2,0
8,1301(18),12,5,7
8,1302(1),5,5,0
8,1303(2),2,2,0
8,1304(3),3,2,1
8,1305(4),3,2,1
8,1306(5),2,2,0
8,1307(6),2,2,0
8,1308(7),2,2,0
8,1309(8),11,3,8
8,1310(9),4,4,0
8,1311(10),2,2,0
8,1312(11),3,2,1
8,1313(12),2,2,0
8,1314(13),2,2,0
8,1315(14),5,4,1
8,1316(15),2,2,0
8,1317(16),4,3,1
8,1318(17),1,1,0
8,1319(18),1,1,0
8,1320(19),1,1,0
8,1321(20),3,1,2
8,1322(21),1,1,0
8,1323(22),4,3,1
8,1324(23),5,4,1
8,1325(24),2,2,0
8,1326(25),18,12,6
8,1327(26),12,4,8
8,1328(27),16,7,9
8,1329(1),4,3,1
8,1330(2),4,3,1
8,1331(3),6,4,2
8,1332(4),2,1,1
8,1333(5),3,1,2
8,1334(6),1,1,0
8,1335(7),3,2,1
8,1336(8),2,1,1
8,1337(9),2,1,1
8,1338(10),1,1,0
8,1339(11),8,8,0
8,1340(12),2,1,1
8,1341(13),1,1,0
8,1342(14),2,1,1
8,1343(15),5,3,2
8,1344(16),1,1,0
8,1345(17),1,1,0
8,1346(18),4,1,3
8,1347(19),1,1,0
8,1348(20),1,1,0
8,1349(21),1,1,0
8,1350(22),1,1,0
8,1351(23),2,1,1
8,1352(24),4,4,0
8,1353(25),3,2,1
8,1354(26),4,3,1
8,1355(27),6,5,1
8,1356(28),6,6,0
8,1357(29),24,20,4
8,1358(30),6,6,0
8,1359(31),5,4,1
8,1360(32),3,3,0
8,1361(33),1,1,0
8,1362(34),3,1,2
8,1363(35),13,10,3
8,1365(37),7,6,1
8,1366(38),5,4,1
8,1367(39),7,4,3
8,1368(40),3,2,1
8,1369(41),3,3,0
8,1370(42),1,1,0
8,1371(43),6,1,5
8,1372(44),1,1,0
8,1373(45),3,3,0
8,1374(46),3,3,0
8,1375(47),9,7,2
8,1376(48),4,2,2
8,1377(49),8,6,2
8,1378(50),3,2,1
8,1379(51),2,2,0
8,1380(52),4,3,1
8,1381(53),3,3,0
8,1382(54),5,4,1
8,1383(55),4,4,0
8,1384(56),5,4,1
8,1385(57),4,3,1
8,1386(58),3,3,0
8,1387(59),13,9,4
8,1388(60),8,7,1
8,1389(61),4,3,1
8,1390(62),2,2,0
8,1391(63),4,3,1
8,1392(64),5,4,1
8,1393(65),8,6,2
8,1394(66),3,2,1
8,1395(67),5,4,1
8,1396(68),5,4,1
8,1397(69),9,7,2
8,1398(70),4,4,0
8,1399(71),3,3,0
8,1400(72),5,4,1
8,1401(73),6,5,1
8,1402(74),11,11,0
8,1403(75),1,1,0
8,1404(76),7,6,1
8,1405(77),3,2,1
8,1406(78),6,6,0
8,1407(79),11,10,1
8,1408(80),4,4,0
8,1409(81),3,2,1
8,1410(82),7,6,1
8,1411(83),7,6,1
8,1412(84),5,4,1
8,1413(85),4,4,0
8,1414(86),5,4,1
8,1415(87),3,2,1
8,1416(88),6,5,1
8,1417(89),4,3,1
8,1418(90),1,1,0
8,1419(91),3,2,1
8,1420(92),5,4,1
8,1421(93),3,2,1
8,1422(94),3,2,1
8,1423(95),3,2,1
8,1424(96),5,4,1
8,1425(97),3,3,0
8,1426(98),2,2,0
8,1427(99),7,6,1
8,1428(100),2,1,1
8,1429(101),7,6,1
8,1430(102),2,2,0
8,1431(103),4,3,1
8,1432(104),6,5,1
8,1433(105),6,5,1
8,1434(106),3,3,0
8,1435(107),3,3,0
8,1436(108),3,2,1
8,1437(109),3,2,1
8,1438(110),3,2,1
8,1439(111),3,2,1
8,1440(112),9,7,2
8,1441(113),4,4,0
8,1442(114),3,2,1
8,1443(115),3,2,1
8,1444(116),3,2,1
8,1445(117),4,3,1
8,1446(118),4,2,2
8,1447(119),3,1,2
8,1448(120),9,5,4
8,1449(121),10,5,5
8,1450(122),7,5,2
8,1451(123),3,3,0
8,1452(124),11,9,2
8,1453(125),4,3,1
8,1454(126),4,3,1
8,1455(127),2,2,0
8,1456(128),9,3,6
8,1457(129),4,4,0
8,1458(130),2,2,0
8,1459(131),1,1,0
8,1460(132),1,1,0
8,1461(133),2,2,0
8,1462(134),2,1,1
8,1463(135),4,2,2
8,1464(136),18,13,5
8,1465(137),19,15,4
8,1466(138),6,3,3
8,1467(139),8,6,2
8,1468(140),5,4,1
8,1469(141),6,5,1
8,1470(142),4,3,1
8,1471(143),1,1,0
8,1472(144),1,1,0
8,1473(145),2,1,1
8,1474(146),2,2,0
8,1475(147),5,5,0
8,1476(148),5,3,2
8,1477(149),17,16,1
8,1478(150),4,3,1
8,1479(151),4,3,1
8,1480(152),3,2,1
8,1481(153),5,4,1
8,1482(154),4,3,1
8,1483(155),2,1,1
8,1484(156),2,2,0
8,1485(157),2,2,0
8,1486(158),3,2,1
8,1487(159),7,6,1
8,1488(160),11,7,4
8,1489(161),7,6,1
8,1490(162),7,6,1
8,1491(163),3,3,0
8,1492(164),4,4,0
8,1493(165),3,3,0
8,1494(166),5,4,1
8,1495(167),9,4,5
8,1496(168),9,7,2
8,1497(169),8,7,1
8,1498(170),2,2,0
8,1499(171),5,4,1
8,1500(172),5,3,2
8,1501(173),4,3,1
8,1502(174),3,2,1
8,1503(175),4,3,1
8,1504(176),5,4,1
8,1505(177),5,5,0
8,1506(178),2,2,0
8,1507(179),2,1,1
8,1508(180),6,5,1
8,1509(181),4,3,1
8,1510(182),3,2,1
8,1511(183),4,3,1
8,1512(184),7,6,1
8,1513(185),5,4,1
8,1514(186),3,2,1
8,1515(187),4,3,1
8,1516(188),1,1,0
8,1517(189),2,2,0
8,1518(190),5,4,1
8,1519(191),2,2,0
8,1520(192),25,23,2
8,1521(193),6,5,1
8,1522(194),5,3,2
8,1523(195),2,1,1
8,1524(196),1,1,0
8,1525(197),1,1,0
8,1526(198),2,1,1
8,1527(199),3,2,1
9,1528(200),7,4,3
9,1529(201),5,3,2
9,1530(202),4,2,2
9,1531(203),6,3,3
9,1532(204),5,2,3
9,1533(205),7,3,4
9,1534(206),2,1,1
9,1535(207),4,1,3
9,1536(208),6,1,5
9,1537(209),4,1,3
9,1538(210),6,2,4
9,1539(211),7,3,4
9,1540(212),5,2,3
9,1541(213),4,2,2
9,1542(214),7,6,1
9,1543(215),5,2,3
9,1544(216),11,8,3
9,1545(217),4,3,1
9,1546(218),26,24,2
9,1547(219),4,2,2
9,1548(220),8,4,4
9,1549(221),9,6,3
9,1550(222),4,3,1
9,1551(223),5,4,1
9,1552(224),13,5,8
9,1553(225),2,1,1
9,1554(226),5,2,3
9,1555(227),4,1,3
9,1556(228),6,1,5
9,1557(229),4,3,1
9,1558(230),5,1,4
9,1559(231),6,3,3
9,1560(232),5,1,4
9,1561(233),5,2,3
9,1562(234),8,4,4
9,1563(235),3,1,2
9,1564(236),5,2,3
9,1565(237),6,2,4
9,1566(238),4,1,3
9,1567(239),7,4,3
9,1568(240),2,1,1
9,1569(241),4,1,3
9,1570(242),4,1,3
9,1571(243),5,1,4
9,1572(244),3,1,2
9,1573(245),2,1,1
9,1574(246),4,1,3
9,1575(247),5,3,2
9,1576(248),4,2,2
9,1577(249),7,4,3
9,1578(250),5,3,2
9,1579(251),4,3,1
9,1580(252),3,1,2
9,1581(253),5,3,2
9,1582(254),5,1,4
9,1583(255),8,6,2
9,1584(256),4,2,2
9,1585(257),5,3,2
9,1586(258),9,4,5
9,1587(259),9,7,2
9,1588(260),6,4,2
9,1589(261),11,8,3
9,1590(262),8,5,3
9,1591(263),18,15,3
9,1592(264),3,2,1
9,1593(265),5,2,3
9,1594(266),4,2,2
9,1595(267),5,2,3
9,1596(268),3,2,1
9,1597(269),5,2,3
9,1598(270),9,6,3
9,1599(271),11,8,3
9,1600(272),7,4,3
9,1601(273),21,18,3
9,1602(274),10,9,1
9,1603(275),5,4,1
9,1604(276),6,3,3
9,1605(277),6,4,2
9,1606(278),7,6,1
9,1607(279),6,2,4
9,1608(280),2,1,1
9,1609(281),5,1,4
9,1610(282),5,1,4
9,1611(283),4,1,3
9,1612(284),4,2,2
9,1613(285),14,10,4
9,1614(286),4,2,2
9,1615(287),5,3,2
9,1616(288),14,11,3
9,1617(289),8,6,2
9,1618(290),10,6,4
9,1619(291),8,3,5
9,1620(292),5,1,4
9,1621(293),6,3,3
9,1622(294),6,3,3
9,1623(295),5,2,3
9,1624(296),6,4,2
9,1625(297),2,1,1
9,1626(298),5,2,3
9,1627(299),5,1,4
9,1628(300),2,1,1
9,1629(301),4,1,3
9,1630(302),8,3,5
9,1632(304),4,1,3
9,1633(305),4,2,2
9,1634(306),12,7,5
9,1635(307),4,2,2
9,1636(308),13,4,9
9,1637(309),8,3,5
9,1638(310),5,2,3
9,1639(311),2,1,1
9,1640(312),5,3,2
9,1641(313),6,5,1
9,1642(314),8,5,3
9,1643(315),6,4,2
9,1644(316),7,2,5
9,1645(317),10,3,7
9,1647(319),4,2,2
9,1648(320),6,3,3
9,1649(321),5,3,2
9,1650(322),9,5,4
9,1651(323),6,3,3
9,1652(324),7,6,1
9,1653(325),5,2,3
9,1654(326),11,6,5
9,1655(327),10,6,4
9,1656(328),8,4,4
9,1657(329),11,8,3
9,1658(330),7,3,4
9,1659(331),6,3,3
9,1660(332),4,2,2
9,1661(333),5,3,2
9,1662(334),4,3,1
9,1663(335),11,6,5
9,1664(336),10,6,4
9,1665(337),13,7,6
9,1666(338),7,6,1
9,1667(339),5,1,4
9,1668(340),5,3,2
9,1669(341),2,1,1
9,1670(342),6,3,3
9,1671(343),2,1,1
9,1672(344),3,2,1
9,1673(345),6,5,1
9,1674(346),4,3,1
9,1675(347),6,2,4
9,1676(348),6,3,3
9,1677(349),5,4,1
9,1678(350),6,2,4
9,1679(351),3,2,1
9,1680(352),4,3,1
9,1681(353),65,3,62
9,1682(1),32,28,4
9,1683(2),9,5,4
9,1684(3),2,1,1
9,1685(4),8,6,2
9,1686(5),5,3,2
9,1687(6),4,2,2
9,1688(7),5,3,2
9,1689(8),4,2,2
9,1690(9),5,2,3
9,1691(10),14,10,4
9,1692(11),4,2,2
9,1693(12),11,9,2
9,1694(13),4,2,2
9,1695(14),22,11,11
9,1696(15),5,3,2
9,1697(16),7,2,5
9,1698(17),60,8,52
9,1699(18),12,7,5
9,1700(19),6,4,2
9,1701(20),13,9,4
9,1702(21),12,10,2
9,1703(22),5,4,1
9,1704(23),24,23,1
9,1705(24),12,9,3
9,1706(25),4,2,2
9,1707(26),8,4,4
9,1708(27),11,8,3
9,1709(28),9,7,2
9,1710(29),3,1,2
9,1711(30),6,5,1
9,1712(31),8,5,3
9,1713(32),6,3,3
9,1714(33),3,2,1
9,1715(34),6,4,2
9,1716(35),3,1,2
9,1717(36),6,5,1
9,1718(37),5,4,1
9,1719(38),6,5,1
9,1720(39),3,1,2
9,1721(40),5,3,2
9,1722(41),5,3,2
9,1723(42),4,2,2
9,1724(43),7,5,2
9,1725(44),10,6,4
9,1726(45),6,4,2
9,1727(46),2,1,1
9,1728(47),8,6,2
9,1729(48),6,3,3
9,1730(49),13,12,1
9,1731(50),7,4,3
9,1732(51),20,18,2
9,1733(52),7,4,3
9,1734(53),8,5,3
9,1735(54),6,3,3
9,1736(55),7,4,3
9,1737(56),6,4,2
10,1738(57),5,3,2
10,1739(58),4,2,2
10,1740(59),4,2,2
10,1741(60),4,2,2
10,1742(61),7,4,3
10,1743(62),5,4,1
10,1744(63),6,4,2
10,1745(64),2,1,1
10,1746(65),8,7,1
10,1747(66),4,2,2
10,1748(67),5,4,1
10,1749(68),7,4,3
10,1750(69),4,2,2
10,1751(70),7,3,4
10,1752(71),4,3,1
10,1753(72),6,2,4
10,1754(73),4,3,1
10,1755(74),4,2,2
10,1756(75),7,5,2
10,1757(76),11,9,2
10,1758(77),5,3,2
10,1759(78),4,1,3
10,1760(79),3,2,1
10,1761(80),6,4,2
10,1762(81),12,11,1
10,1763(82),6,3,3
10,1764(83),5,2,3
10,1765(84),14,11,3
10,1766(85),8,5,3
10,1767(86),5,3,2
10,1768(87),5,3,2
10,1769(88),2,1,1
10,1770(89),3,1,2
10,1771(90),8,4,4
10,1772(91),5,3,2
10,1773(92),3,1,2
10,1774(93),8,6,2
10,1775(94),8,5,3
10,1776(95),6,3,3
10,1777(96),7,4,3
10,1778(97),4,2,2
10,1779(98),4,2,2
10,1780(99),4,2,2
10,1781(100),5,4,1
10,1782(101),8,6,2
10,1783(102),7,5,2
10,1784(103),7,4,3
10,1785(104),9,6,3
10,1786(105),41,38,3
10,1787(106),6,4,2
10,1788(107),14,8,6
10,1789(108),4,2,2
10,1790(109),8,5,3
10,1791(110),7,2,5
10,1792(111),3,2,1
10,1793(112),16,13,3
10,1794(113),4,2,2
10,1795(114),4,3,1
10,1796(115),3,2,1
10,1797(116),6,3,3
10,1798(117),31,18,13
10,1803(122),4,3,1
10,1804(123),3,1,2
10,1805(124),4,3,1
10,1806(125),5,3,2
10,1807(126),8,6,2
10,1808(127),8,4,4
10,1809(128),16,12,4
10,1810(129),8,4,4
10,1811(130),8,6,2
10,1812(131),8,2,6
10,1813(132),11,8,3
10,1814(133),11,8,3
10,1815(134),6,3,3
10,1816(135),57,5,52
10,1817(136),4,2,2
10,1818(137),5,2,3
10,1819(138),5,2,3
10,1820(139),4,2,2
10,1821(140),3,2,1
10,1822(141),2,1,1
10,1823(142),6,5,1
10,1824(143),5,3,2
10,1825(144),5,2,3
10,1826(145),7,5,2
10,1827(146),3,1,2
10,1828(147),8,6,2
10,1829(148),6,4,2
10,1830(149),3,2,1
10,1831(150),2,1,1
10,1832(151),4,2,2
10,1833(152),9,2,7
10,1834(153),4,2,2
10,1835(154),22,5,17
10,1836(1),2,1,1
10,1837(2),3,1,2
10,1838(3),6,3,3
10,1839(4),3,2,1
10,1840(5),4,2,2
10,1841(6),6,3,3
10,1842(7),12,9,3
10,1843(8),5,2,3
10,1844(9),26,24,2
10,1845(10),20,18,2
10,1846(11),4,2,2
10,1847(12),3,1,2
10,1848(13),3,1,2
10,1849(14),2,1,1
10,1850(15),4,3,1
10,1851(16),5,4,1
10,1852(17),7,4,3
10,1853(18),4,1,3
10,1854(19),6,3,3
10,1855(20),5,1,4
10,1856(21),6,5,1
10,1857(22),8,5,3
10,1858(23),9,6,3
10,1859(24),8,5,3
10,1860(25),2,1,1
10,1861(26),5,1,4
10,1862(27),6,3,3
10,1863(28),8,5,3
10,1864(29),5,4,1
10,1865(30),27,23,4
10,1866(31),2,1,1
10,1867(32),7,3,4
10,1868(33),3,1,2
10,1869(34),9,7,2
10,1870(35),8,5,3
10,1871(36),4,1,3
10,1872(37),5,2,3
10,1873(38),2,1,1
10,1874(39),6,1,5
10,1875(40),3,1,2
10,1876(41),3,1,2
10,1877(42),4,1,3
10,1878(43),5,1,4
10,1879(44),4,1,3
10,1880(45),4,1,3
10,1881(46),7,2,5
10,1882(47),2,1,1
10,1883(48),7,4,3
10,1884(49),6,2,4
10,1885(50),9,6,3
10,1886(51),6,3,3
10,1887(52),4,3,1
10,1888(53),3,2,1
10,1889(54),6,5,1
10,1890(55),9,7,2
10,1891(56),3,2,1
10,1892(57),15,13,2
10,1893(58),4,2,2
10,1894(59),6,4,2
10,1895(60),5,2,3
10,1896(61),4,2,2
10,1897(62),4,3,1
10,1898(63),4,2,2
10,1899(64),5,2,3
10,1900(65),3,2,1
10,1901(66),3,1,2
10,1902(67),3,1,2
10,1903(68),2,1,1
10,1904(69),3,1,2
10,1905(70),4,2,2
10,1906(71),5,4,1
10,1907(72),3,2,1
10,1908(73),3,1,2
10,1909(74),3,1,2
10,1910(75),2,1,1
10,1911(76),3,1,2
10,1912(77),7,4,3
10,1913(78),4,2,2
10,1914(79),3,1,2
10,1915(80),4,1,3
10,1916(81),3,1,2
10,1917(82),4,2,2
10,1918(83),3,2,1
10,1919(84),3,1,2
10,1920(85),3,1,2
10,1921(86),2,1,1
10,1922(87),2,1,1
10,1923(88),3,1,2
10,1924(89),4,3,1
10,1925(90),5,2,3
10,1926(91),4,2,2
10,1927(92),2,1,1
10,1928(93),16,13,3
10,1929(94),5,3,2
10,1930(95),7,4,3
10,1931(96),13,4,9
10,1932(1),3,2,1
10,1933(2),3,1,2
10,1934(3),2,1,1
10,1935(4),3,1,2
10,1936(5),3,2,1
10,1937(6),12,7,5
10,1939(8),3,2,1
10,1940(9),5,1,4
10,1941(10),3,1,2
10,1942(11),2,1,1
10,1943(12),2,1,1
10,1944(13),4,2,2
10,1945(14),3,2,1
10,1946(15),3,2,1
10,1947(16),4,2,2
10,1948(17),3,1,2
10,1949(18),3,2,1
10,1950(19),3,2,1
10,1951(20),2,1,1
10,1952(21),3,1,2
10,1953(22),5,2,3
10,1954(23),2,1,1
10,1955(24),5,3,2
10,1956(25),3,1,2
10,1957(26),2,1,1
10,1958(27),3,1,2
10,1959(28),2,1,1
10,1960(29),4,2,2
10,1961(30),3,1,2
10,1962(31),2,1,1
10,1963(32),3,1,2
10,1964(33),5,3,2
10,1965(34),4,2,2
10,1966(35),11,2,9
10,1967(36),5,3,2
10,1968(37),2,1,1
10,1969(38),4,2,2
10,1970(39),3,2,1
10,1971(40),2,1,1
10,1972(41),4,2,2
10,1973(42),2,1,1
10,1974(43),6,5,1
10,1975(44),16,5,11
10,1977(45),4,3,1
10,1977(46),3,2,1
10,1978(47),18,4,14
10,1979(1),2,1,1
10,1980(2),7,5,2
10,1981(3),2,1,1
10,1982(4),5,3,2
10,1983(5),4,3,1
10,1984(6),2,1,1
10,1985(7),3,1,2
10,1986(8),9,5,4
10,1987(9),21,6,15
10,1988(1),7,5,2
10,1989(2),2,1,1
10,1990(3),25,14,11
10,1991(1),3,2,1
10,1992(2),8,5,3
10,1993(3),5,3,2
10,1994(4),2,1,1
10,1995(5),5,3,2
