Volume,Chapter,PDF_Paragraphs,Extracted_Paragraphs,Difference,Match_Percent
1,1,116,31,85,26.7
1,2,0,10,-10,0.0
1,3,0,4,-4,0.0
1,41,11,2,9,18.2
1,5,0,2,-2,0.0
1,6,0,1,-1,0.0
1,7,0,1,-1,0.0
1,8,0,2,-2,0.0
1,9,0,3,-3,0.0
1,10,1,1,0,100.0
1,11,1,1,0,100.0
1,12,4,2,2,50.0
1,13,9,3,6,33.3
1,14,2,1,1,50.0
1,15,2,1,1,50.0
1,16,3,1,2,33.3
1,17,2,3,-1,150.0
1,18,1,1,0,100.0
1,19,1,2,-1,200.0
1,20,1,1,0,100.0
1,21,1,2,-1,200.0
1,22,0,1,-1,0.0
1,23,2,2,0,100.0
1,24,2,1,1,50.0
1,25,4,4,0,100.0
1,26,5,3,2,60.0
1,27,3,1,2,33.3
1,28,2,1,1,50.0
1,29,4,1,3,25.0
1,30,3,2,1,66.7
1,31,2,1,1,50.0
1,32,5,2,3,40.0
1,33,2,1,1,50.0
1,34,5,1,4,20.0
1,35,2,1,1,50.0
1,36,5,3,2,60.0
1,37,3,1,2,33.3
1,38,6,1,5,16.7
1,39,5,1,4,20.0
1,40,2,2,0,100.0
1,42,2,1,1,50.0
1,43,3,2,1,66.7
1,44,1,1,0,100.0
1,45,4,1,3,25.0
1,46,6,1,5,16.7
1,47,3,1,2,33.3
1,48,4,2,2,50.0
1,49,3,1,2,33.3
1,50,1,1,0,100.0
1,51,4,1,3,25.0
1,52,6,1,5,16.7
1,53,10,2,8,20.0
1,54,2,1,1,50.0
1,55,4,4,0,100.0
1,56,2,1,1,50.0
1,57,10,6,4,60.0
1,58,7,1,6,14.3
1,59,10,5,5,50.0
1,60,8,3,5,37.5
1,61,8,4,4,50.0
1,62,2,1,1,50.0
1,63,2,1,1,50.0
1,64,5,2,3,40.0
1,65,4,2,2,50.0
1,66,3,2,1,66.7
1,67,6,1,5,16.7
1,68,4,1,3,25.0
1,69,3,2,1,66.7
1,70,5,2,3,40.0
1,71,6,1,5,16.7
1,72,2,1,1,50.0
1,73,2,2,0,100.0
1,74,1,1,0,100.0
1,75,2,3,-1,150.0
1,76,2,3,-1,150.0
1,77,2,3,-1,150.0
1,78,4,5,-1,125.0
1,79,2,3,-1,150.0
1,80,3,4,-1,133.3
1,81,2,3,-1,150.0
1,82,1,2,-1,200.0
1,83,5,6,-1,120.0
1,84,4,5,-1,125.0
1,85,13,14,-1,107.7
1,86,5,6,-1,120.0
1,87,11,12,-1,109.1
1,88,18,18,0,100.0
1,89,4,5,-1,125.0
1,90,7,8,-1,114.3
1,91,2,3,-1,150.0
1,92,5,6,-1,120.0
1,93,6,7,-1,116.7
1,94,9,10,-1,111.1
1,95,2,3,-1,150.0
1,96,6,7,-1,116.7
1,97,1,2,-1,200.0
1,98,2,3,-1,150.0
1,99,3,5,-2,166.7
1,100,2,3,-1,150.0
1,101,4,5,-1,125.0
1,102,2,3,-1,150.0
1,103,3,4,-1,133.3
1,104,2,3,-1,150.0
1,105,2,4,-2,200.0
1,106,2,3,-1,150.0
1,107,4,5,-1,125.0
1,108,2,3,-1,150.0
1,109,3,4,-1,133.3
1,110,4,5,-1,125.0
1,111,2,3,-1,150.0
1,112,2,3,-1,150.0
1,113,2,3,-1,150.0
1,114,3,5,-2,166.7
1,115,3,4,-1,133.3
1,116,2,3,-1,150.0
1,117,1,3,-2,300.0
1,118,3,4,-1,133.3
1,119,4,5,-1,125.0
1,120,1,3,-2,300.0
1,121,3,4,-1,133.3
1,122,4,5,-1,125.0
1,123,8,7,1,87.5
1,124,4,5,-1,125.0
1,125,4,5,-1,125.0
1,126,5,6,-1,120.0
1,127,2,3,-1,150.0
1,128,2,3,-1,150.0
1,129,2,3,-1,150.0
1,130,2,3,-1,150.0
1,131,2,3,-1,150.0
1,132,2,3,-1,150.0
1,133,3,4,-1,133.3
1,134,2,3,-1,150.0
1,135,2,3,-1,150.0
1,136,2,3,-1,150.0
1,137,2,3,-1,150.0
1,138,5,4,1,80.0
1,139,2,3,-1,150.0
1,140,1,2,-1,200.0
1,141,2,3,-1,150.0
1,142,3,4,-1,133.3
1,143,4,5,-1,125.0
1,144,3,3,0,100.0
1,145,7,8,-1,114.3
1,146,3,4,-1,133.3
1,147,1,2,-1,200.0
1,148,2,3,-1,150.0
1,149,3,4,-1,133.3
1,150,3,4,-1,133.3
1,151,1,3,-2,300.0
1,152,4,3,1,75.0
1,153,2,3,-1,150.0
1,154,2,3,-1,150.0
1,155,6,7,-1,116.7
1,156,2,3,-1,150.0
1,157,1,2,-1,200.0
1,158,9,10,-1,111.1
1,159,2,3,-1,150.0
1,160,6,7,-1,116.7
1,161,2,3,-1,150.0
1,162,1,2,-1,200.0
1,163,3,4,-1,133.3
1,164,2,3,-1,150.0
1,165,5,6,-1,120.0
1,166,4,5,-1,125.0
1,167,2,4,-2,200.0
1,168,3,4,-1,133.3
1,169,3,4,-1,133.3
1,170,1,2,-1,200.0
1,171,2,3,-1,150.0
1,172,1,2,-1,200.0
1,173,5,4,1,80.0
1,174,2,3,-1,150.0
1,175,2,3,-1,150.0
1,176,4,5,-1,125.0
1,177,2,3,-1,150.0
1,178,3,4,-1,133.3
1,179,2,3,-1,150.0
1,180,2,3,-1,150.0
1,181,4,5,-1,125.0
1,182,3,4,-1,133.3
1,183,0,2,-2,0.0
1,184,3,4,-1,133.3
1,185,5,4,1,80.0
1,186,3,4,-1,133.3
1,187,3,4,-1,133.3
1,188,4,5,-1,125.0
1,189,4,7,-3,175.0
1,190,2,4,-2,200.0
1,191,4,3,1,75.0
1,192,4,5,-1,125.0
1,193,1,2,-1,200.0
1,194,2,3,-1,150.0
1,195,1,2,-1,200.0
1,196,2,3,-1,150.0
1,197,2,3,-1,150.0
1,198,4,4,0,100.0
1,199,5,8,-3,160.0
2,200,2,5,-3,250.0
2,201,3,4,-1,133.3
2,202,2,3,-1,150.0
2,203,2,3,-1,150.0
2,204,5,6,-1,120.0
2,205,3,4,-1,133.3
2,206,4,5,-1,125.0
2,207,1,2,-1,200.0
2,208,2,3,-1,150.0
2,209,3,4,-1,133.3
2,210,4,3,1,75.0
2,211,2,3,-1,150.0
2,212,4,4,0,100.0
2,213,9,9,0,100.0
2,214,3,4,-1,133.3
2,215,1,2,-1,200.0
2,216,2,3,-1,150.0
2,217,1,2,-1,200.0
2,218,5,6,-1,120.0
2,219,3,4,-1,133.3
2,220,2,4,-2,200.0
2,221,2,3,-1,150.0
2,222,6,6,0,100.0
2,223,8,10,-2,125.0
2,224,2,3,-1,150.0
2,225,6,5,1,83.3
2,226(1),1,2,-1,200.0
2,227(2),1,2,-1,200.0
2,228(3),3,4,-1,133.3
2,229(4),1,2,-1,200.0
2,230(5),10,11,-1,110.0
2,231(6),0,1,-1,0.0
2,232(7),1,2,-1,200.0
2,233(8),1,2,-1,200.0
2,234(9),0,2,-2,0.0
2,235(10),1,2,-1,200.0
2,236(11),6,6,0,100.0
2,237(12),2,4,-2,200.0
2,238(13),3,5,-2,166.7
2,239(14),1,3,-2,300.0
2,240(15),1,2,-1,200.0
2,241(16),4,5,-1,125.0
2,242(17),5,4,1,80.0
2,243(18),2,3,-1,150.0
2,244(19),4,5,-1,125.0
2,245(20),3,4,-1,133.3
2,246(21),2,3,-1,150.0
2,247(22),7,6,1,85.7
2,248(23),2,3,-1,150.0
2,249(24),1,2,-1,200.0
2,250(25),2,3,-1,150.0
2,251(26),1,2,-1,200.0
2,252(27),2,3,-1,150.0
2,253(28),7,8,-1,114.3
2,254(29),4,3,1,75.0
2,255(30),6,7,-1,116.7
2,256(31),3,4,-1,133.3
2,257(32),3,2,1,66.7
2,258(33),2,3,-1,150.0
2,259(34),2,3,-1,150.0
2,260(35),1,2,-1,200.0
2,261(36),3,2,1,66.7
2,262(37),0,1,-1,0.0
2,263(38),3,4,-1,133.3
2,264(39),1,2,-1,200.0
2,265(40),1,2,-1,200.0
2,266(41),3,4,-1,133.3
2,267(42),7,6,1,85.7
2,268(43),2,3,-1,150.0
2,269(44),4,6,-2,150.0
2,270(45),4,5,-1,125.0
2,271(46),2,4,-2,200.0
2,272(47),2,3,-1,150.0
2,273(48),2,3,-1,150.0
2,274(49),1,2,-1,200.0
2,275(50),1,2,-1,200.0
2,276(51),7,8,-1,114.3
2,277(52),10,11,-1,110.0
2,278(53),11,12,-1,109.1
2,279(54),17,13,4,76.5
2,280(55),0,2,-2,0.0
2,281(56),0,1,-1,0.0
2,282(57),1,2,-1,200.0
2,283(58),27,20,7,74.1
2,284(59),1,2,-1,200.0
2,285(60),1,2,-1,200.0
2,286(61),4,6,-2,150.0
2,287(62),4,5,-1,125.0
2,288(63),11,12,-1,109.1
2,289(64),1,2,-1,200.0
2,290(65),4,3,1,75.0
2,291(66),4,5,-1,125.0
2,292(67),3,4,-1,133.3
2,293(68),2,4,-2,200.0
2,294(69),3,4,-1,133.3
2,295(70),0,2,-2,0.0
2,296(71),4,6,-2,150.0
2,297(72),4,3,1,75.0
2,298(1),3,4,-1,133.3
2,299(2),3,4,-1,133.3
2,300(3),3,4,-1,133.3
2,301(4),0,2,-2,0.0
2,302(5),3,4,-1,133.3
2,303(6),1,2,-1,200.0
2,304(7),1,2,-1,200.0
2,305(8),4,4,0,100.0
2,306(9),0,1,-1,0.0
2,307(10),2,3,-1,150.0
2,308(11),6,5,1,83.3
2,309(12),10,9,1,90.0
2,310(13),3,5,-2,166.7
2,311(14),0,1,-1,0.0
2,312(15),2,3,-1,150.0
2,313(16),1,2,-1,200.0
2,314(17),2,3,-1,150.0
2,315(18),2,3,-1,150.0
2,316(19),2,3,-1,150.0
2,317(20),1,2,-1,200.0
2,318(21),2,3,-1,150.0
2,319(22),2,3,-1,150.0
2,320(23),4,5,-1,125.0
2,321(24),1,2,-1,200.0
2,322(25),1,2,-1,200.0
2,323(26),1,2,-1,200.0
2,324(27),1,2,-1,200.0
2,325(28),1,2,-1,200.0
2,326(29),1,3,-2,300.0
2,327(30),4,5,-1,125.0
2,328(31),2,3,-1,150.0
2,329(32),2,3,-1,150.0
2,330(33),4,5,-1,125.0
2,331(34),4,5,-1,125.0
2,332(35),2,3,-1,150.0
2,333(36),2,3,-1,150.0
2,334(37),2,3,-1,150.0
2,335(38),3,4,-1,133.3
2,336(39),3,4,-1,133.3
2,337(40),4,5,-1,125.0
2,338(41),2,4,-2,200.0
2,339(42),6,5,1,83.3
2,340(43),3,4,-1,133.3
2,341(44),1,3,-2,300.0
2,342(45),1,3,-2,300.0
2,343(46),3,4,-1,133.3
2,344(47),1,2,-1,200.0
2,345(48),2,3,-1,150.0
2,346(49),5,6,-1,120.0
2,347(50),1,2,-1,200.0
2,348(51),1,2,-1,200.0
2,349(52),1,2,-1,200.0
2,350(53),1,2,-1,200.0
2,351(54),2,3,-1,150.0
2,352(55),1,2,-1,200.0
2,353(56),0,2,-2,0.0
2,354(57),1,2,-1,200.0
2,355(58),1,3,-2,300.0
2,356(59),1,2,-1,200.0
2,357(60),3,4,-1,133.3
2,358(61),8,9,-1,112.5
2,359(62),2,3,-1,150.0
2,360(63),1,3,-2,300.0
2,361(64),1,2,-1,200.0
2,362(65),2,3,-1,150.0
2,363(66),2,3,-1,150.0
2,364(67),2,3,-1,150.0
2,365(68),2,3,-1,150.0
2,366(69),2,3,-1,150.0
2,367(70),3,4,-1,133.3
2,368(71),3,4,-1,133.3
2,369(72),2,3,-1,150.0
2,370(73),2,3,-1,150.0
2,371(74),1,2,-1,200.0
2,372(75),3,4,-1,133.3
2,373(76),1,2,-1,200.0
2,374(77),2,3,-1,150.0
2,375(78),1,2,-1,200.0
2,376(79),2,3,-1,150.0
3,377(80),11,12,-1,109.1
3,378(81),10,13,-3,130.0
3,379(82),8,10,-2,125.0
3,380(83),7,9,-2,128.6
3,381(84),0,1,-1,0.0
3,382(85),1,2,-1,200.0
3,383(86),0,2,-2,0.0
3,384(87),0,1,-1,0.0
3,385(88),2,3,-1,150.0
3,386(89),1,2,-1,200.0
3,387(90),4,5,-1,125.0
3,388(91),1,2,-1,200.0
3,389(92),1,2,-1,200.0
3,390(93),1,2,-1,200.0
3,391(94),2,3,-1,150.0
3,392(95),2,3,-1,150.0
3,393(96),1,2,-1,200.0
3,394(97),1,2,-1,200.0
3,395(98),3,4,-1,133.3
3,396(99),1,2,-1,200.0
3,397(100),1,2,-1,200.0
3,398(101),2,3,-1,150.0
3,399(102),3,4,-1,133.3
3,400(103),2,3,-1,150.0
3,401(104),4,5,-1,125.0
3,402(105),2,3,-1,150.0
3,403(106),5,7,-2,140.0
3,404(107),1,2,-1,200.0
3,405(108),1,2,-1,200.0
3,406(109),3,4,-1,133.3
3,407(110),3,5,-2,166.7
3,408(111),6,7,-1,116.7
3,409(112),0,1,-1,0.0
3,410(113),2,3,-1,150.0
3,411(114),4,5,-1,125.0
3,412(115),2,3,-1,150.0
3,413(116),3,4,-1,133.3
3,414(117),3,4,-1,133.3
3,415(118),1,2,-1,200.0
3,416(119),1,2,-1,200.0
3,417(120),3,4,-1,133.3
3,418(121),3,4,-1,133.3
3,419(122),3,4,-1,133.3
3,420(123),2,3,-1,150.0
3,421(124),2,3,-1,150.0
3,422(125),2,3,-1,150.0
3,423(126),3,5,-2,166.7
3,424(127),2,3,-1,150.0
3,425(128),2,3,-1,150.0
3,426(129),2,3,-1,150.0
3,427(130),0,2,-2,0.0
3,428(131),9,11,-2,122.2
3,429(132),3,4,-1,133.3
3,430(133),18,20,-2,111.1
3,431(134),15,23,-8,153.3
3,432(135),4,5,-1,125.0
3,433(136),3,4,-1,133.3
3,434(137),2,3,-1,150.0
3,435(138),1,2,-1,200.0
3,436(139),3,4,-1,133.3
3,437(140),2,3,-1,150.0
3,438(141),5,6,-1,120.0
3,439(142),1,2,-1,200.0
3,440(143),2,3,-1,150.0
3,441(144),2,3,-1,150.0
3,442(145),4,5,-1,125.0
3,443(146),7,8,-1,114.3
3,444(147),2,3,-1,150.0
3,445(148),3,5,-2,166.7
3,446(149),3,4,-1,133.3
3,447(150),1,2,-1,200.0
3,448(151),0,2,-2,0.0
3,449(152),4,5,-1,125.0
3,450(153),5,4,1,80.0
3,451(154),6,6,0,100.0
3,452(155),4,6,-2,150.0
3,453(156),0,2,-2,0.0
3,454(157),5,6,-1,120.0
3,455(158),5,7,-2,140.0
3,456(159),2,3,-1,150.0
3,457(160),1,2,-1,200.0
3,458(161),3,4,-1,133.3
3,459(162),1,2,-1,200.0
3,460(163),3,4,-1,133.3
3,461(164),4,5,-1,125.0
3,462(165),1,2,-1,200.0
3,463(166),1,2,-1,200.0
3,464(167),1,2,-1,200.0
3,465(168),2,3,-1,150.0
3,466(169),1,2,-1,200.0
3,467(170),5,6,-1,120.0
3,468(171),3,4,-1,133.3
3,469(172),4,3,1,75.0
3,470(173),2,4,-2,200.0
3,471(174),1,2,-1,200.0
3,472(175),1,3,-2,300.0
3,473(176),3,4,-1,133.3
3,474(177),9,10,-1,111.1
3,475(178),14,14,0,100.0
3,476(179),1,2,-1,200.0
3,477(180),3,4,-1,133.3
3,478(181),2,3,-1,150.0
3,479(182),1,2,-1,200.0
3,480(183),2,3,-1,150.0
3,481(184),2,3,-1,150.0
3,482(185),3,5,-2,166.7
3,483(186),5,6,-1,120.0
3,484(187),2,3,-1,150.0
3,485(188),1,2,-1,200.0
3,486(189),5,6,-1,120.0
3,487(190),4,6,-2,150.0
3,488(191),2,3,-1,150.0
3,489(192),2,3,-1,150.0
3,490(193),1,2,-1,200.0
3,491(194),3,4,-1,133.3
3,492(195),3,4,-1,133.3
3,493(196),2,3,-1,150.0
3,494(197),5,6,-1,120.0
3,495(198),4,5,-1,125.0
3,496(199),0,2,-2,0.0
3,497(200),5,7,-2,140.0
3,498(201),3,4,-1,133.3
3,499(202),1,2,-1,200.0
3,500(203),4,5,-1,125.0
3,501(204),3,4,-1,133.3
3,502(205),2,3,-1,150.0
3,503(206),5,6,-1,120.0
3,504(207),1,2,-1,200.0
3,505(208),0,1,-1,0.0
3,506(209),0,1,-1,0.0
3,507(210),0,1,-1,0.0
3,508(211),0,1,-1,0.0
3,509(212),1,3,-2,300.0
3,510(213),3,4,-1,133.3
3,511(214),2,3,-1,150.0
3,512(215),1,2,-1,200.0
3,513(216),1,2,-1,200.0
3,514(217),1,2,-1,200.0
3,515(218),4,5,-1,125.0
3,516(219),2,4,-2,200.0
3,517(220),1,2,-1,200.0
3,518(221),5,4,1,80.0
3,519(222),1,2,-1,200.0
3,520(223),0,1,-1,0.0
3,521(224),2,2,0,100.0
3,522(225),2,3,-1,150.0
3,523(226),0,1,-1,0.0
3,524(227),1,2,-1,200.0
3,525(228),1,2,-1,200.0
3,526(229),2,3,-1,150.0
3,527(230),2,3,-1,150.0
3,528(231),1,2,-1,200.0
3,529(232),1,2,-1,200.0
3,530(233),1,2,-1,200.0
3,531(234),1,2,-1,200.0
3,532(235),1,2,-1,200.0
3,533(236),1,2,-1,200.0
3,534(237),0,1,-1,0.0
3,535(238),2,3,-1,150.0
3,536(239),2,3,-1,150.0
3,537(240),1,2,-1,200.0
3,538(241),2,3,-1,150.0
3,539(242),2,3,-1,150.0
3,540(243),4,3,1,75.0
3,541(244),3,2,1,66.7
3,542(245),3,4,-1,133.3
3,543(246),2,3,-1,150.0
3,544(247),5,4,1,80.0
3,545(248),1,2,-1,200.0
3,546(249),0,1,-1,0.0
3,547(250),0,1,-1,0.0
3,548(251),1,2,-1,200.0
3,549(252),3,4,-1,133.3
3,550(253),3,4,-1,133.3
3,551(254),2,3,-1,150.0
3,552(255),3,4,-1,133.3
3,553(256),2,3,-1,150.0
3,554(257),1,2,-1,200.0
3,555(258),2,3,-1,150.0
3,556(259),3,4,-1,133.3
3,557(260),0,1,-1,0.0
3,558(261),2,4,-2,200.0
3,559(262),2,3,-1,150.0
3,560(263),2,3,-1,150.0
3,561(264),3,4,-1,133.3
3,562(265),1,2,-1,200.0
3,563(266),3,4,-1,133.3
3,564(267),2,3,-1,150.0
3,565(268),3,4,-1,133.3
3,566(269),0,1,-1,0.0
3,567(270),1,2,-1,200.0
3,568(271),1,2,-1,200.0
3,569(272),1,2,-1,200.0
3,570(273),1,2,-1,200.0
3,571(274),1,2,-1,200.0
3,572(275),3,4,-1,133.3
3,573(276),1,2,-1,200.0
3,574(277),4,5,-1,125.0
3,575(278),9,10,-1,111.1
3,576(279),1,2,-1,200.0
3,577(280),1,2,-1,200.0
3,578(281),5,7,-2,140.0
3,579(282),5,6,-1,120.0
3,580(283),4,4,0,100.0
3,581(284),2,3,-1,150.0
3,582(285),0,1,-1,0.0
3,583(286),2,3,-1,150.0
3,584(287),2,3,-1,150.0
3,585(288),2,3,-1,150.0
3,586(289),1,2,-1,200.0
3,587(290),2,3,-1,150.0
3,588(291),7,8,-1,114.3
3,589(292),2,3,-1,150.0
3,590(293),1,2,-1,200.0
3,591(294),6,5,1,83.3
3,592(295),1,2,-1,200.0
3,593(296),9,10,-1,111.1
3,594(297),44,47,-3,106.8
3,595(298),7,8,-1,114.3
3,596(299),2,3,-1,150.0
4,597(1),0,2,-2,0.0
4,598(2),2,3,-1,150.0
4,599(3),6,7,-1,116.7
4,600(4),3,4,-1,133.3
4,601(5),2,3,-1,150.0
4,602(6),1,2,-1,200.0
4,603(7),0,1,-1,0.0
4,604(8),6,7,-1,116.7
4,605(9),0,1,-1,0.0
4,606(10),2,4,-2,200.0
4,607(11),0,1,-1,0.0
4,608(12),5,4,1,80.0
4,609(13),1,2,-1,200.0
4,610(14),2,3,-1,150.0
4,611(15),4,5,-1,125.0
4,612(16),0,1,-1,0.0
4,613(17),1,2,-1,200.0
4,614(18),3,4,-1,133.3
4,615(19),4,4,0,100.0
4,616(20),2,3,-1,150.0
4,617(21),5,7,-2,140.0
4,618(22),3,4,-1,133.3
4,619(23),5,4,1,80.0
4,620(24),1,2,-1,200.0
4,621(25),0,1,-1,0.0
4,622(26),0,1,-1,0.0
4,623(27),1,2,-1,200.0
4,624(28),0,1,-1,0.0
4,625(29),1,2,-1,200.0
4,626(30),2,3,-1,150.0
4,627(31),1,2,-1,200.0
4,628(32),3,4,-1,133.3
4,629(33),1,2,-1,200.0
4,630(34),0,2,-2,0.0
4,631(35),2,3,-1,150.0
4,632(36),2,4,-2,200.0
4,633(37),0,1,-1,0.0
4,634(38),3,4,-1,133.3
4,635(39),5,7,-2,140.0
4,636(40),4,6,-2,150.0
4,637(41),4,5,-1,125.0
4,638(42),0,1,-1,0.0
4,639(43),0,1,-1,0.0
4,640(44),0,1,-1,0.0
4,641(45),0,1,-1,0.0
4,642(46),3,4,-1,133.3
4,643(47),2,3,-1,150.0
4,644(48),2,3,-1,150.0
4,645(49),0,1,-1,0.0
4,646(50),2,3,-1,150.0
4,647(51),0,1,-1,0.0
4,648(52),0,1,-1,0.0
4,649(53),4,5,-1,125.0
4,650(54),1,2,-1,200.0
4,651(55),3,4,-1,133.3
4,652(56),1,2,-1,200.0
4,653(57),0,1,-1,0.0
4,654(58),0,1,-1,0.0
4,655(59),2,3,-1,150.0
4,656(60),1,2,-1,200.0
4,657(61),1,4,-3,400.0
4,658(62),3,2,1,66.7
4,659(63),3,4,-1,133.3
4,660(64),5,6,-1,120.0
4,661(65),1,2,-1,200.0
4,662(66),3,4,-1,133.3
4,663(67),8,8,0,100.0
4,664(1),2,3,-1,150.0
4,665(2),1,2,-1,200.0
4,666(3),1,2,-1,200.0
4,667(4),1,2,-1,200.0
4,668(5),1,2,-1,200.0
4,669(6),0,2,-2,0.0
4,670(7),3,4,-1,133.3
4,671(8),1,2,-1,200.0
4,672(9),3,4,-1,133.3
4,673(10),4,5,-1,125.0
4,674(11),2,3,-1,150.0
4,675(12),2,3,-1,150.0
4,676(13),2,3,-1,150.0
4,677(14),1,2,-1,200.0
4,678(15),2,3,-1,150.0
4,679(16),3,4,-1,133.3
4,680(17),2,3,-1,150.0
4,681(18),3,4,-1,133.3
4,682(19),1,2,-1,200.0
4,683(20),0,1,-1,0.0
4,684(21),4,3,1,75.0
4,685(22),3,4,-1,133.3
4,686(23),1,2,-1,200.0
4,687(24),0,1,-1,0.0
4,688(25),1,2,-1,200.0
4,689(26),2,3,-1,150.0
4,690(27),1,2,-1,200.0
4,691(28),0,1,-1,0.0
4,692(29),4,5,-1,125.0
4,693(30),5,6,-1,120.0
4,694(31),1,2,-1,200.0
4,695(32),2,2,0,100.0
4,696(33),13,15,-2,115.4
4,697(34),4,6,-2,150.0
4,698(35),23,24,-1,104.3
4,699(36),8,9,-1,112.5
4,700(37),6,7,-1,116.7
4,701(38),2,3,-1,150.0
4,702(39),5,6,-1,120.0
4,703(40),2,3,-1,150.0
4,704(41),7,6,1,85.7
4,705(42),6,7,-1,116.7
4,706(43),7,8,-1,114.3
4,707(44),5,6,-1,120.0
4,708(45),3,2,1,66.7
4,709(46),2,3,-1,150.0
4,710(47),7,8,-1,114.3
4,711(48),2,3,-1,150.0
4,712(49),4,5,-1,125.0
4,713(50),1,2,-1,200.0
4,714(51),0,1,-1,0.0
4,715(52),0,1,-1,0.0
4,716(53),0,1,-1,0.0
4,717(54),5,6,-1,120.0
4,718(55),3,4,-1,133.3
4,719(56),5,6,-1,120.0
4,720(57),3,4,-1,133.3
4,721(58),3,4,-1,133.3
4,722(59),1,2,-1,200.0
4,723(60),0,1,-1,0.0
4,724(61),0,1,-1,0.0
4,725(62),1,2,-1,200.0
4,726(63),0,1,-1,0.0
4,727(64),1,2,-1,200.0
4,728(65),0,1,-1,0.0
4,729(66),0,1,-1,0.0
4,730(67),10,11,-1,110.0
4,731(68),1,2,-1,200.0
4,732(69),1,1,0,100.0
4,733(70),3,4,-1,133.3
4,734(71),1,2,-1,200.0
4,735(72),1,2,-1,200.0
4,736(73),0,1,-1,0.0
4,737(74),0,1,-1,0.0
4,738(75),1,2,-1,200.0
4,739(76),0,1,-1,0.0
4,740(77),0,1,-1,0.0
4,741(78),0,1,-1,0.0
4,742(79),2,3,-1,150.0
4,743(80),3,4,-1,133.3
4,744(81),6,7,-1,116.7
4,745(82),3,4,-1,133.3
4,746(83),0,1,-1,0.0
4,747(84),0,1,-1,0.0
4,748(85),0,1,-1,0.0
4,749(86),5,6,-1,120.0
4,750(87),2,3,-1,150.0
4,751(88),8,9,-1,112.5
4,752(89),2,3,-1,150.0
4,753(90),0,1,-1,0.0
4,754(91),1,2,-1,200.0
4,755(92),3,4,-1,133.3
4,756(93),4,5,-1,125.0
4,757(94),4,5,-1,125.0
4,758(95),0,1,-1,0.0
4,759(96),1,2,-1,200.0
4,760(97),1,2,-1,200.0
4,761(98),1,2,-1,200.0
4,762(99),0,1,-1,0.0
4,763(100),0,1,-1,0.0
4,764(101),1,2,-1,200.0
4,765(102),1,2,-1,200.0
4,766(103),3,4,-1,133.3
4,767(104),2,3,-1,150.0
4,768(105),1,2,-1,200.0
4,769(106),0,1,-1,0.0
4,770(107),0,1,-1,0.0
4,771(108),0,1,-1,0.0
4,772(109),0,1,-1,0.0
4,773(110),3,3,0,100.0
4,774(111),2,3,-1,150.0
4,775(112),1,2,-1,200.0
4,776(113),1,2,-1,200.0
4,777(114),1,2,-1,200.0
4,778(115),3,4,-1,133.3
4,779(116),0,1,-1,0.0
4,780(117),2,3,-1,150.0
4,781(118),1,2,-1,200.0
4,782(119),5,6,-1,120.0
4,783(120),1,2,-1,200.0
4,784(121),0,1,-1,0.0
4,785(122),2,3,-1,150.0
4,786(123),0,1,-1,0.0
4,787(124),0,1,-1,0.0
4,788(125),0,1,-1,0.0
4,789(126),2,3,-1,150.0
4,790(127),1,2,-1,200.0
4,791(128),2,3,-1,150.0
4,792(129),2,3,-1,150.0
4,793(130),2,3,-1,150.0
4,794(131),3,4,-1,133.3
4,795(132),1,2,-1,200.0
4,796(133),5,6,-1,120.0
4,797(134),2,3,-1,150.0
4,798(135),5,6,-1,120.0
4,799(136),0,1,-1,0.0
4,800(137),4,3,1,75.0
4,801(138),2,3,-1,150.0
4,802(139),2,3,-1,150.0
4,803(140),0,1,-1,0.0
4,804(141),3,4,-1,133.3
4,805(142),2,3,-1,150.0
4,806(143),1,2,-1,200.0
4,807(144),2,3,-1,150.0
4,808(145),6,7,-1,116.7
4,809(146),1,2,-1,200.0
4,810(147),0,1,-1,0.0
4,811(148),3,2,1,66.7
4,812(149),7,9,-2,128.6
4,813(150),1,2,-1,200.0
4,814(151),1,2,-1,200.0
4,815(152),3,2,1,66.7
4,816(153),3,4,-1,133.3
4,817(154),4,6,-2,150.0
4,818(155),0,3,-3,0.0
4,819(156),4,3,1,75.0
4,820(157),0,1,-1,0.0
4,821(158),3,4,-1,133.3
4,822(159),0,1,-1,0.0
4,823(160),3,2,1,66.7
4,824(161),0,1,-1,0.0
4,825(162),4,5,-1,125.0
4,826(163),0,1,-1,0.0
4,827(164),5,6,-1,120.0
4,828(165),1,2,-1,200.0
4,829(166),3,4,-1,133.3
4,830(167),0,1,-1,0.0
4,831(168),0,1,-1,0.0
4,832(169),0,1,-1,0.0
5,833(170),0,2,-2,0.0
5,834(171),0,1,-1,0.0
5,835(172),0,1,-1,0.0
5,836(173),1,2,-1,200.0
5,837(174),2,3,-1,150.0
5,838(175),4,5,-1,125.0
5,839(176),8,9,-1,112.5
5,840(177),5,6,-1,120.0
5,841(178),2,3,-1,150.0
5,842(179),3,4,-1,133.3
5,843(180),2,4,-2,200.0
5,844(181),3,4,-1,133.3
5,845(182),0,1,-1,0.0
5,846(183),1,2,-1,200.0
5,847(184),0,1,-1,0.0
5,848(185),1,2,-1,200.0
5,849(186),1,3,-2,300.0
5,850(187),4,5,-1,125.0
5,851(188),0,1,-1,0.0
5,852(189),1,2,-1,200.0
5,853(190),1,2,-1,200.0
5,854(191),0,1,-1,0.0
5,855(192),1,2,-1,200.0
5,856(193),4,5,-1,125.0
5,857(194),2,3,-1,150.0
5,858(195),0,1,-1,0.0
5,859(196),0,1,-1,0.0
5,860(197),4,3,1,75.0
5,861(1),2,3,-1,150.0
5,862(2),4,6,-2,150.0
5,863(3),2,3,-1,150.0
5,864(4),4,5,-1,125.0
5,865(5),1,2,-1,200.0
5,866(6),1,2,-1,200.0
5,867(7),5,6,-1,120.0
5,868(8),2,3,-1,150.0
5,869(9),2,3,-1,150.0
5,870(10),4,5,-1,125.0
5,871(11),3,2,1,66.7
5,872(12),5,6,-1,120.0
5,873(13),5,5,0,100.0
5,874(14),0,1,-1,0.0
5,875(15),3,4,-1,133.3
5,876(16),2,3,-1,150.0
5,877(17),1,2,-1,200.0
5,878(18),0,1,-1,0.0
5,879(19),3,4,-1,133.3
5,880(20),2,3,-1,150.0
5,881(21),0,1,-1,0.0
5,882(22),3,4,-1,133.3
5,883(23),3,4,-1,133.3
5,884(24),10,11,-1,110.0
5,886(26),30,31,-1,103.3
5,897(37),0,1,-1,0.0
5,899(39),1,2,-1,200.0
5,900(40),5,5,0,100.0
5,901(41),32,33,-1,103.1
5,902(42),2,3,-1,150.0
5,903(43),4,6,-2,150.0
5,904(44),2,3,-1,150.0
5,905(45),3,4,-1,133.3
5,906(46),2,3,-1,150.0
5,907(47),1,2,-1,200.0
5,908(48),5,6,-1,120.0
5,909(49),2,3,-1,150.0
5,910(50),8,9,-1,112.5
5,911(51),2,3,-1,150.0
5,912(52),1,2,-1,200.0
5,913(53),2,3,-1,150.0
5,914(54),2,3,-1,150.0
5,915(55),10,11,-1,110.0
5,916(56),2,3,-1,150.0
5,917(57),2,3,-1,150.0
5,918(58),3,4,-1,133.3
5,919(59),2,3,-1,150.0
5,920(60),3,5,-2,166.7
5,921(61),4,5,-1,125.0
5,922(62),1,2,-1,200.0
5,923(63),1,2,-1,200.0
5,924(64),1,2,-1,200.0
5,925(65),0,2,-2,0.0
5,926(66),0,1,-1,0.0
5,927(67),1,2,-1,200.0
5,928(68),1,2,-1,200.0
5,929(69),3,4,-1,133.3
5,930(70),2,3,-1,150.0
5,931(71),3,4,-1,133.3
5,932(72),0,1,-1,0.0
5,933(73),6,7,-1,116.7
5,934(74),2,3,-1,150.0
5,935(75),4,5,-1,125.0
5,936(76),1,2,-1,200.0
5,937(77),3,4,-1,133.3
5,938(78),4,6,-2,150.0
5,939(79),4,5,-1,125.0
5,940(80),3,4,-1,133.3
5,941(81),2,3,-1,150.0
5,942(82),3,4,-1,133.3
5,943(83),2,3,-1,150.0
5,944(84),1,3,-2,300.0
5,945(85),2,3,-1,150.0
5,946(86),2,4,-2,200.0
5,947(87),1,2,-1,200.0
5,948(88),1,2,-1,200.0
5,949(89),1,2,-1,200.0
5,950(90),2,3,-1,150.0
5,951(91),4,5,-1,125.0
5,952(92),3,4,-1,133.3
5,953(93),2,3,-1,150.0
5,954(94),0,1,-1,0.0
5,955(95),2,3,-1,150.0
5,956(96),2,3,-1,150.0
5,957(97),3,4,-1,133.3
5,958(98),2,3,-1,150.0
5,959(99),1,2,-1,200.0
5,960(100),1,2,-1,200.0
5,961(101),2,3,-1,150.0
5,962(102),3,4,-1,133.3
5,963(103),7,8,-1,114.3
5,964(104),5,6,-1,120.0
5,965(105),2,3,-1,150.0
5,966(106),1,2,-1,200.0
5,967(107),2,3,-1,150.0
5,968(108),0,1,-1,0.0
5,969(109),2,3,-1,150.0
5,970(110),2,3,-1,150.0
5,971(111),3,4,-1,133.3
5,972(112),15,16,-1,106.7
5,973(113),3,4,-1,133.3
5,974(114),7,8,-1,114.3
5,975(115),4,5,-1,125.0
5,976(116),3,4,-1,133.3
5,977(117),7,6,1,85.7
5,978(1),4,5,-1,125.0
5,979(2),2,5,-3,250.0
5,980(3),1,2,-1,200.0
5,981(4),0,1,-1,0.0
5,982(5),6,7,-1,116.7
5,983(6),2,3,-1,150.0
5,984(7),1,2,-1,200.0
5,985(8),0,1,-1,0.0
5,986(9),1,2,-1,200.0
5,987(10),1,2,-1,200.0
5,988(11),2,3,-1,150.0
5,989(12),2,3,-1,150.0
5,990(13),1,3,-2,300.0
5,991(14),1,2,-1,200.0
5,992(15),5,4,1,80.0
5,993(16),1,3,-2,300.0
5,994(17),1,2,-1,200.0
5,995(18),1,2,-1,200.0
5,996(19),2,3,-1,150.0
5,997(20),2,3,-1,150.0
5,998(21),3,4,-1,133.3
5,999(22),2,3,-1,150.0
5,1000(23),3,4,-1,133.3
5,1002(25),4,5,-1,125.0
5,1003(26),1,2,-1,200.0
5,1004(27),1,2,-1,200.0
5,1005(28),2,3,-1,150.0
5,1006(29),2,3,-1,150.0
5,1007(30),7,8,-1,114.3
6,1009(32),2,4,-2,200.0
6,1010(33),2,3,-1,150.0
6,1011(34),6,7,-1,116.7
6,1012(35),2,3,-1,150.0
6,1013(36),1,2,-1,200.0
6,1014(37),1,2,-1,200.0
6,1015(38),2,3,-1,150.0
6,1016(39),1,2,-1,200.0
6,1017(40),0,1,-1,0.0
6,1018(41),3,4,-1,133.3
6,1019(42),1,2,-1,200.0
6,1020(43),0,1,-1,0.0
6,1021(44),1,2,-1,200.0
6,1022(45),1,2,-1,200.0
6,1023(46),1,2,-1,200.0
6,1024(47),2,3,-1,150.0
6,1025(48),4,5,-1,125.0
6,1026(49),0,1,-1,0.0
6,1027(50),4,5,-1,125.0
6,1028(51),3,2,1,66.7
6,1029(52),3,4,-1,133.3
6,1030(53),3,4,-1,133.3
6,1031(54),1,2,-1,200.0
6,1032(55),1,2,-1,200.0
6,1033(56),2,3,-1,150.0
6,1034(57),4,5,-1,125.0
6,1035(58),2,3,-1,150.0
6,1036(59),1,2,-1,200.0
6,1037(60),5,4,1,80.0
6,1038(61),0,1,-1,0.0
6,1039(62),0,1,-1,0.0
6,1040(63),1,2,-1,200.0
6,1041(64),1,2,-1,200.0
6,1042(65),1,2,-1,200.0
6,1043(66),2,3,-1,150.0
6,1044(67),3,4,-1,133.3
6,1045(68),4,5,-1,125.0
6,1046(69),8,9,-1,112.5
6,1047(70),3,4,-1,133.3
6,1048(71),1,2,-1,200.0
6,1049(72),1,2,-1,200.0
6,1050(73),4,5,-1,125.0
6,1051(74),2,4,-2,200.0
6,1052(75),1,2,-1,200.0
6,1053(76),3,4,-1,133.3
6,1054(77),0,2,-2,0.0
6,1055(78),3,5,-2,166.7
6,1056(79),1,2,-1,200.0
6,1057(80),2,3,-1,150.0
6,1058(81),2,3,-1,150.0
6,1059(82),2,3,-1,150.0
6,1060(83),2,3,-1,150.0
6,1061(84),1,2,-1,200.0
6,1062(85),5,6,-1,120.0
6,1063(86),1,2,-1,200.0
6,1064(87),1,2,-1,200.0
6,1065(88),3,4,-1,133.3
6,1066(89),0,1,-1,0.0
6,1067(90),4,5,-1,125.0
6,1068(91),3,4,-1,133.3
6,1069(92),1,2,-1,200.0
6,1070(93),0,1,-1,0.0
6,1071(94),1,2,-1,200.0
6,1072(95),2,4,-2,200.0
6,1073(96),2,3,-1,150.0
6,1074(97),3,4,-1,133.3
6,1075(98),2,3,-1,150.0
6,1076(99),1,2,-1,200.0
6,1077(100),3,4,-1,133.3
6,1078(101),6,8,-2,133.3
6,1079(102),7,8,-1,114.3
6,1080(103),3,4,-1,133.3
6,1081(104),2,3,-1,150.0
6,1082(105),2,3,-1,150.0
6,1083(106),1,2,-1,200.0
6,1084(107),4,6,-2,150.0
6,1085(108),2,3,-1,150.0
6,1086(109),1,2,-1,200.0
6,1087(110),2,3,-1,150.0
6,1088(111),0,1,-1,0.0
6,1089(112),2,3,-1,150.0
6,1090(113),1,2,-1,200.0
6,1091(114),5,7,-2,140.0
6,1092(115),2,3,-1,150.0
6,1093(116),1,2,-1,200.0
6,1094(117),4,5,-1,125.0
6,1095(118),4,5,-1,125.0
6,1096(119),2,3,-1,150.0
6,1097(120),8,9,-1,112.5
6,1098(121),5,5,0,100.0
6,1099(122),9,10,-1,111.1
6,1100(123),3,5,-2,166.7
6,1101(124),0,2,-2,0.0
6,1102(125),1,2,-1,200.0
6,1103(126),1,2,-1,200.0
6,1104(127),2,3,-1,150.0
6,1105(128),1,2,-1,200.0
6,1106(129),1,2,-1,200.0
6,1107(130),4,5,-1,125.0
6,1108(131),9,10,-1,111.1
6,1109(132),3,4,-1,133.3
6,1110(133),5,6,-1,120.0
6,1111(134),7,8,-1,114.3
6,1112(135),3,4,-1,133.3
6,1113(136),0,1,-1,0.0
6,1114(137),4,5,-1,125.0
6,1115(138),3,4,-1,133.3
6,1116(139),3,4,-1,133.3
6,1117(140),2,3,-1,150.0
6,1118(141),2,5,-3,250.0
6,1119(142),2,3,-1,150.0
6,1120(143),2,3,-1,150.0
6,1121(144),2,3,-1,150.0
6,1122(145),5,6,-1,120.0
6,1123(146),3,4,-1,133.3
6,1124(147),3,4,-1,133.3
6,1125(148),3,4,-1,133.3
6,1126(149),2,3,-1,150.0
6,1127(150),8,9,-1,112.5
6,1128(151),1,2,-1,200.0
6,1129(152),3,5,-2,166.7
6,1130(153),2,3,-1,150.0
6,1131(154),8,8,0,100.0
6,1132(155),1,2,-1,200.0
6,1133(156),1,2,-1,200.0
6,1134(157),5,6,-1,120.0
6,1135(158),5,6,-1,120.0
6,1136(159),3,4,-1,133.3
6,1137(160),2,3,-1,150.0
6,1138(161),3,5,-2,166.7
6,1139(162),4,5,-1,125.0
6,1140(163),3,4,-1,133.3
6,1141(164),22,24,-2,109.1
6,1143(166),2,3,-1,150.0
6,1144(167),3,4,-1,133.3
6,1145(168),1,2,-1,200.0
6,1146(169),3,4,-1,133.3
6,1147(170),4,5,-1,125.0
6,1148(171),6,7,-1,116.7
6,1149(172),8,10,-2,125.0
6,1150(173),6,8,-2,133.3
7,1151(1),33,3,30,9.1
7,1152(2),1,2,-1,200.0
7,1153(3),1,1,0,100.0
7,1154(4),8,8,0,100.0
7,1155(5),7,7,0,100.0
7,1156(6),2,2,0,100.0
7,1157(7),4,4,0,100.0
7,1158(8),3,3,0,100.0
7,1159(9),2,2,0,100.0
7,1160(10),2,2,0,100.0
7,1161(11),2,2,0,100.0
7,1162(12),6,6,0,100.0
7,1163(13),3,3,0,100.0
7,1164(14),3,3,0,100.0
7,1165(15),4,4,0,100.0
7,1166(16),4,4,0,100.0
7,1167(17),5,5,0,100.0
7,1168(18),4,4,0,100.0
7,1169(19),4,4,0,100.0
7,1170(20),3,3,0,100.0
7,1171(21),4,4,0,100.0
7,1172(22),5,5,0,100.0
7,1173(23),3,3,0,100.0
7,1174(24),15,15,0,100.0
7,1175(25),2,2,0,100.0
7,1176(26),7,7,0,100.0
7,1177(27),5,5,0,100.0
7,1178(28),4,4,0,100.0
7,1179(29),1,1,0,100.0
7,1180(30),3,3,0,100.0
7,1181(31),7,7,0,100.0
7,1182(32),8,8,0,100.0
7,1183(33),5,5,0,100.0
7,1184(34),3,3,0,100.0
7,1185(35),5,5,0,100.0
7,1186(36),1,1,0,100.0
7,1187(37),2,2,0,100.0
7,1188(38),2,2,0,100.0
7,1189(39),3,3,0,100.0
7,1190(40),8,8,0,100.0
7,1191(41),1,1,0,100.0
7,1192(42),3,3,0,100.0
7,1193(43),1,1,0,100.0
7,1194(44),9,9,0,100.0
7,1195(45),4,4,0,100.0
7,1196(46),2,2,0,100.0
7,1197(47),1,1,0,100.0
7,1198(48),1,1,0,100.0
7,1199(49),9,9,0,100.0
7,1200(50),5,5,0,100.0
7,1201(51),2,2,0,100.0
7,1202(52),1,1,0,100.0
7,1203(53),1,1,0,100.0
7,1204(54),2,2,0,100.0
7,1205(55),4,4,0,100.0
7,1206(56),4,4,0,100.0
7,1207(57),4,4,0,100.0
7,1208(58),2,2,0,100.0
7,1209(59),3,3,0,100.0
7,1210(60),5,5,0,100.0
7,1211(61),1,1,0,100.0
7,1212(62),6,6,0,100.0
7,1213(63),5,5,0,100.0
7,1214(64),2,2,0,100.0
7,1215(65),4,4,0,100.0
7,1216(66),6,6,0,100.0
7,1217(67),5,5,0,100.0
7,1218(68),6,6,0,100.0
7,1219(69),6,5,1,83.3
7,1220(1),4,4,0,100.0
7,1221(2),2,2,0,100.0
7,1222(3),2,2,0,100.0
7,1223(4),2,2,0,100.0
7,1224(5),3,3,0,100.0
7,1225(6),2,2,0,100.0
7,1226(7),5,5,0,100.0
7,1227(8),2,2,0,100.0
7,1228(9),5,5,0,100.0
7,1229(10),5,5,0,100.0
7,1230(11),4,4,0,100.0
7,1231(12),2,2,0,100.0
7,1232(13),3,3,0,100.0
7,1233(14),3,3,0,100.0
7,1234(15),5,5,0,100.0
7,1235(16),8,7,1,87.5
7,1236(17),3,3,0,100.0
7,1237(18),4,4,0,100.0
7,1238(19),1,1,0,100.0
7,1239(20),1,1,0,100.0
7,1240(21),3,3,0,100.0
7,1241(22),5,5,0,100.0
7,1242(23),3,3,0,100.0
7,1243(24),4,4,0,100.0
7,1244(25),2,2,0,100.0
7,1245(26),3,3,0,100.0
7,1246(27),5,5,0,100.0
7,1247(28),8,7,1,87.5
7,1248(29),6,6,0,100.0
7,1249(30),7,7,0,100.0
7,1250(31),9,9,0,100.0
7,1251(32),3,3,0,100.0
7,1252(33),2,2,0,100.0
7,1253(34),7,8,-1,114.3
7,1254(35),3,3,0,100.0
7,1255(36),3,3,0,100.0
7,1256(37),7,10,-3,142.9
7,1257(38),5,5,0,100.0
7,1258(39),3,3,0,100.0
7,1259(40),2,2,0,100.0
7,1260(41),3,3,0,100.0
7,1261(42),5,5,0,100.0
7,1262(43),4,3,1,75.0
7,1263(44),5,5,0,100.0
7,1264(45),7,7,0,100.0
7,1265(46),4,4,0,100.0
7,1266(47),4,4,0,100.0
7,1267(48),3,4,-1,133.3
7,1268(49),4,4,0,100.0
7,1269(50),5,5,0,100.0
7,1270(51),4,3,1,75.0
7,1271(52),2,3,-1,150.0
7,1272(53),6,5,1,83.3
7,1273(54),4,4,0,100.0
7,1274(55),4,4,0,100.0
7,1275(56),4,4,0,100.0
7,1276(57),5,5,0,100.0
7,1277(58),2,2,0,100.0
7,1278(59),7,7,0,100.0
7,1279(60),7,7,0,100.0
7,1280(61),4,4,0,100.0
7,1281(62),5,5,0,100.0
7,1282(63),4,4,0,100.0
7,1283(64),4,4,0,100.0
7,210,1,0,1,0.0
7,243,1,0,1,0.0
7,195,2,0,2,0.0
7,153,1,0,1,0.0
7,41,0,0,0,0.0
7,1025,1,0,1,0.0
7,257,2,0,2,0.0
7,65,0,0,0,0.0
7,2394,1,0,1,0.0
7,15,0,0,0,0.0
7,373,1,0,1,0.0
7,169,2,0,2,0.0
7,206,1,0,1,0.0
7,21,0,0,0,0.0
7,557,1,0,1,0.0
7,12,0,0,0,0.0
7,263,1,0,1,0.0
7,155,1,0,1,0.0
7,174,1,0,1,0.0
7,50,1,0,1,0.0
7,11,0,0,0,0.0
7,298,1,0,1,0.0
7,57,1,0,1,0.0
7,82,1,0,1,0.0
7,344,1,0,1,0.0
7,429,1,0,1,0.0
7,222,1,0,1,0.0
7,191,2,0,2,0.0
7,97,1,0,1,0.0
7,99,1,0,1,0.0
7,23,0,0,0,0.0
7,734,1,0,1,0.0
7,232,1,0,1,0.0
7,327,1,0,1,0.0
7,75,1,0,1,0.0
7,30,0,0,0,0.0
7,1158,1,0,1,0.0
7,37,0,0,0,0.0
7,1175,1,0,1,0.0
7,74,0,0,0,0.0
7,2293,1,0,1,0.0
7,61,1,0,1,0.0
7,18,0,0,0,0.0
7,727,1,0,1,0.0
7,201,1,0,1,0.0
7,43,0,0,0,0.0
7,1694,1,0,1,0.0
7,88,1,0,1,0.0
7,19,0,0,0,0.0
7,519,1,0,1,0.0
7,16,1,0,1,0.0
7,117,1,0,1,0.0
7,36,0,0,0,0.0
7,1247,1,0,1,0.0
7,294,1,0,1,0.0
7,282,1,0,1,0.0
7,353,1,0,1,0.0
7,39,0,0,0,0.0
7,1009,1,0,1,0.0
7,179,1,0,1,0.0
7,575,1,0,1,0.0
7,311,1,0,1,0.0
7,541,1,0,1,0.0
7,121,1,0,1,0.0
7,24,1,0,1,0.0
7,726,1,0,1,0.0
7,2055,1,0,1,0.0
7,14,0,0,0,0.0
7,351,1,0,1,0.0
7,122,1,0,1,0.0
7,101,1,0,1,0.0
7,231,1,0,1,0.0
7,28,0,0,0,0.0
7,755,1,0,1,0.0
7,378,1,0,1,0.0
7,87,1,0,1,0.0
7,27,0,0,0,0.0
7,994,1,0,1,0.0
7,77,0,0,0,0.0
7,3947,1,0,1,0.0
7,634,1,0,1,0.0
7,717,1,0,1,0.0
7,20,0,0,0,0.0
7,643,1,0,1,0.0
7,365,1,0,1,0.0
7,2914,1,0,1,0.0
7,33,0,0,0,0.0
7,1642,1,0,1,0.0
7,692,1,0,1,0.0
7,538,1,0,1,0.0
7,69,0,0,0,0.0
7,3870,0,0,0,0.0
7,844,1,0,1,0.0
7,664,1,0,1,0.0
7,25,0,0,0,0.0
7,1261,1,0,1,0.0
7,546,1,0,1,0.0
7,514,1,0,1,0.0
7,177,1,0,1,0.0
7,17,0,0,0,0.0
7,468,1,0,1,0.0
7,44,1,0,1,0.0
7,128,0,0,0,0.0
7,4511,1,0,1,0.0
7,1560,1,0,1,0.0
7,186,0,0,0,0.0
7,6935,1,0,1,0.0
7,152,0,0,0,0.0
7,6409,1,0,1,0.0
7,84,1,0,1,0.0
7,96,0,0,0,0.0
7,2741,0,0,0,0.0
7,35,0,0,0,0.0
7,736,1,0,1,0.0
7,234,1,0,1,0.0
7,91,1,0,1,0.0
7,273,0,0,0,0.0
7,106,0,0,0,0.0
7,194,0,0,0,0.0
7,45,0,0,0,0.0
7,2442,1,0,1,0.0
7,68,0,0,0,0.0
7,3426,1,0,1,0.0
7,205,20,0,20,0.0
8,1284(1),6,6,0,100.0
8,1285(2),0,1,-1,0.0
8,1286(3),0,1,-1,0.0
8,1287(4),1,2,-1,200.0
8,1288(5),2,3,-1,150.0
8,1289(6),1,2,-1,200.0
8,1290(7),3,5,-2,166.7
8,1291(8),10,11,-1,110.0
8,1292(9),5,6,-1,120.0
8,1293(10),2,3,-1,150.0
8,1294(11),2,3,-1,150.0
8,1295(12),0,1,-1,0.0
8,1296(13),1,2,-1,200.0
8,1297(14),1,2,-1,200.0
8,1298(15),3,6,-3,200.0
8,1299(16),6,7,-1,116.7
8,1300(17),1,2,-1,200.0
8,1301(18),2,3,-1,150.0
8,1302(1),3,4,-1,133.3
8,1303(2),1,2,-1,200.0
8,1304(3),1,2,-1,200.0
8,1305(4),1,2,-1,200.0
8,1306(5),1,2,-1,200.0
8,1307(6),1,2,-1,200.0
8,1308(7),1,2,-1,200.0
8,1309(8),3,3,0,100.0
8,1310(9),3,4,-1,133.3
8,1311(10),1,2,-1,200.0
8,1312(11),1,2,-1,200.0
8,1313(12),1,2,-1,200.0
8,1314(13),1,2,-1,200.0
8,1315(14),3,4,-1,133.3
8,1316(15),1,2,-1,200.0
8,1317(16),2,3,-1,150.0
8,1318(17),0,1,-1,0.0
8,1319(18),0,1,-1,0.0
8,1320(19),0,1,-1,0.0
8,1321(20),0,1,-1,0.0
8,1322(21),0,1,-1,0.0
8,1323(22),2,3,-1,150.0
8,1324(23),3,4,-1,133.3
8,1325(24),0,2,-2,0.0
8,1326(25),11,12,-1,109.1
8,1327(26),4,4,0,100.0
8,1328(27),5,6,-1,120.0
8,1329(1),2,3,-1,150.0
8,1330(2),2,3,-1,150.0
8,1331(3),3,4,-1,133.3
8,1332(4),0,1,-1,0.0
8,1333(5),0,1,-1,0.0
8,1334(6),0,1,-1,0.0
8,1335(7),1,2,-1,200.0
8,1336(8),0,1,-1,0.0
8,1337(9),0,1,-1,0.0
8,1338(10),0,1,-1,0.0
8,1339(11),6,8,-2,133.3
8,1340(12),0,1,-1,0.0
8,1341(13),0,1,-1,0.0
8,1342(14),0,1,-1,0.0
8,1343(15),2,3,-1,150.0
8,1344(16),0,1,-1,0.0
8,1345(17),0,1,-1,0.0
8,1346(18),0,1,-1,0.0
8,1347(19),0,1,-1,0.0
8,1348(20),0,1,-1,0.0
8,1349(21),0,1,-1,0.0
8,1350(22),0,1,-1,0.0
8,1351(23),0,1,-1,0.0
8,1352(24),3,4,-1,133.3
8,1353(25),1,2,-1,200.0
8,1354(26),2,3,-1,150.0
8,1355(27),4,5,-1,125.0
8,1356(28),4,5,-1,125.0
8,1357(29),19,20,-1,105.3
8,1358(30),5,6,-1,120.0
8,1359(31),3,4,-1,133.3
8,1360(32),2,3,-1,150.0
8,1361(33),0,1,-1,0.0
8,1362(34),0,1,-1,0.0
8,1363(35),9,10,-1,111.1
8,1365(37),5,6,-1,120.0
8,1366(38),3,4,-1,133.3
8,1367(39),3,4,-1,133.3
8,1368(40),1,2,-1,200.0
8,1369(41),0,2,-2,0.0
8,1370(42),0,1,-1,0.0
8,1371(43),0,1,-1,0.0
8,1372(44),0,1,-1,0.0
8,1373(45),2,3,-1,150.0
8,1374(46),2,3,-1,150.0
8,1375(47),5,7,-2,140.0
8,1376(48),1,2,-1,200.0
8,1377(49),5,6,-1,120.0
8,1378(50),1,2,-1,200.0
8,1379(51),1,2,-1,200.0
8,1380(52),2,3,-1,150.0
8,1381(53),2,3,-1,150.0
8,1382(54),3,4,-1,133.3
8,1383(55),3,4,-1,133.3
8,1384(56),3,4,-1,133.3
8,1385(57),2,3,-1,150.0
8,1386(58),2,3,-1,150.0
8,1387(59),5,9,-4,180.0
8,1388(60),3,7,-4,233.3
8,1389(61),1,3,-2,300.0
8,1390(62),1,2,-1,200.0
8,1391(63),1,3,-2,300.0
8,1392(64),3,4,-1,133.3
8,1393(65),5,6,-1,120.0
8,1394(66),1,2,-1,200.0
8,1395(67),3,4,-1,133.3
8,1396(68),3,4,-1,133.3
8,1397(69),6,7,-1,116.7
8,1398(70),3,4,-1,133.3
8,1399(71),2,3,-1,150.0
8,1400(72),3,4,-1,133.3
8,1401(73),3,5,-2,166.7
8,1402(74),10,11,-1,110.0
8,1403(75),0,1,-1,0.0
8,1404(76),5,6,-1,120.0
8,1405(77),1,2,-1,200.0
8,1406(78),4,5,-1,125.0
8,1407(79),9,10,-1,111.1
8,1408(80),2,4,-2,200.0
8,1409(81),1,2,-1,200.0
8,1410(82),5,6,-1,120.0
8,1411(83),5,6,-1,120.0
8,1412(84),3,4,-1,133.3
8,1413(85),3,4,-1,133.3
8,1414(86),2,4,-2,200.0
8,1415(87),1,2,-1,200.0
8,1416(88),4,5,-1,125.0
8,1417(89),2,3,-1,150.0
8,1418(90),0,1,-1,0.0
8,1419(91),1,2,-1,200.0
8,1420(92),3,4,-1,133.3
8,1421(93),1,2,-1,200.0
8,1422(94),1,2,-1,200.0
8,1423(95),1,2,-1,200.0
8,1424(96),3,4,-1,133.3
8,1425(97),1,3,-2,300.0
8,1426(98),1,2,-1,200.0
8,1427(99),5,6,-1,120.0
8,1428(100),0,1,-1,0.0
8,1429(101),4,6,-2,150.0
8,1430(102),1,2,-1,200.0
8,1431(103),2,3,-1,150.0
8,1432(104),4,5,-1,125.0
8,1433(105),4,5,-1,125.0
8,1434(106),2,3,-1,150.0
8,1435(107),2,3,-1,150.0
8,1436(108),1,2,-1,200.0
8,1437(109),1,2,-1,200.0
8,1438(110),1,2,-1,200.0
8,1439(111),1,2,-1,200.0
8,1440(112),6,7,-1,116.7
8,1441(113),3,4,-1,133.3
8,1442(114),1,2,-1,200.0
8,1443(115),1,2,-1,200.0
8,1444(116),1,2,-1,200.0
8,1445(117),2,3,-1,150.0
8,1446(118),0,2,-2,0.0
8,1447(119),0,1,-1,0.0
8,1448(120),4,5,-1,125.0
8,1449(121),4,5,-1,125.0
8,1450(122),3,4,-1,133.3
8,1451(123),2,3,-1,150.0
8,1452(124),8,9,-1,112.5
8,1453(125),2,3,-1,150.0
8,1454(126),2,3,-1,150.0
8,1455(127),1,2,-1,200.0
8,1456(128),3,3,0,100.0
8,1457(129),3,4,-1,133.3
8,1458(130),1,2,-1,200.0
8,1459(131),0,1,-1,0.0
8,1460(132),0,1,-1,0.0
8,1461(133),1,2,-1,200.0
8,1462(134),0,1,-1,0.0
8,1463(135),1,2,-1,200.0
8,1464(136),11,12,-1,109.1
8,1465(137),14,15,-1,107.1
8,1466(138),2,3,-1,150.0
8,1467(139),5,6,-1,120.0
8,1468(140),3,4,-1,133.3
8,1469(141),4,5,-1,125.0
8,1470(142),2,3,-1,150.0
8,1471(143),0,1,-1,0.0
8,1472(144),0,1,-1,0.0
8,1473(145),0,1,-1,0.0
8,1474(146),1,2,-1,200.0
8,1475(147),4,5,-1,125.0
8,1476(148),2,3,-1,150.0
8,1477(149),13,14,-1,107.7
8,1478(150),2,3,-1,150.0
8,1479(151),2,3,-1,150.0
8,1480(152),1,2,-1,200.0
8,1481(153),3,4,-1,133.3
8,1482(154),2,3,-1,150.0
8,1483(155),0,1,-1,0.0
8,1484(156),1,2,-1,200.0
8,1485(157),1,2,-1,200.0
8,1486(158),1,2,-1,200.0
8,1487(159),5,6,-1,120.0
8,1488(160),6,7,-1,116.7
8,1489(161),5,6,-1,120.0
8,1490(162),5,6,-1,120.0
8,1491(163),1,3,-2,300.0
8,1492(164),3,4,-1,133.3
8,1493(165),2,3,-1,150.0
8,1494(166),3,4,-1,133.3
8,1495(167),4,4,0,100.0
8,1496(168),6,7,-1,116.7
8,1497(169),5,7,-2,140.0
8,1498(170),1,2,-1,200.0
8,1499(171),3,4,-1,133.3
8,1500(172),2,3,-1,150.0
8,1501(173),2,3,-1,150.0
8,1502(174),1,2,-1,200.0
8,1503(175),2,3,-1,150.0
8,1504(176),3,4,-1,133.3
8,1505(177),2,4,-2,200.0
8,1506(178),1,2,-1,200.0
8,1507(179),0,1,-1,0.0
8,1508(180),4,5,-1,125.0
8,1509(181),1,3,-2,300.0
8,1510(182),1,2,-1,200.0
8,1511(183),2,3,-1,150.0
8,1512(184),5,6,-1,120.0
8,1513(185),3,4,-1,133.3
8,1514(186),1,2,-1,200.0
8,1515(187),2,3,-1,150.0
8,1516(188),0,1,-1,0.0
8,1517(189),1,2,-1,200.0
8,1518(190),3,4,-1,133.3
8,1519(191),1,2,-1,200.0
8,1520(192),22,23,-1,104.5
8,1521(193),4,5,-1,125.0
8,1522(194),2,3,-1,150.0
8,1523(195),0,1,-1,0.0
8,1524(196),0,1,-1,0.0
8,1525(197),0,1,-1,0.0
8,1526(198),0,1,-1,0.0
8,1527(199),0,2,-2,0.0
9,1528(200),4,4,0,100.0
9,1529(201),3,2,1,66.7
9,1530(202),2,2,0,100.0
9,1531(203),3,2,1,66.7
9,1532(204),1,2,-1,200.0
9,1533(205),3,3,0,100.0
9,1534(206),1,1,0,100.0
9,1535(207),1,1,0,100.0
9,1536(208),2,1,1,50.0
9,1537(209),1,1,0,100.0
9,1538(210),2,2,0,100.0
9,1539(211),3,3,0,100.0
9,1540(212),1,2,-1,200.0
9,1541(213),2,2,0,100.0
9,1542(214),6,5,1,83.3
9,1543(215),1,2,-1,200.0
9,1544(216),8,8,0,100.0
9,1545(217),2,2,0,100.0
9,1546(218),22,24,-2,109.1
9,1547(219),2,2,0,100.0
9,1548(220),4,4,0,100.0
9,1549(221),6,6,0,100.0
9,1550(222),1,2,-1,200.0
9,1551(223),3,3,0,100.0
9,1552(224),4,5,-1,125.0
9,1553(225),2,1,1,50.0
9,1554(226),2,2,0,100.0
9,1555(227),1,1,0,100.0
9,1556(228),1,1,0,100.0
9,1557(229),3,2,1,66.7
9,1558(230),0,1,-1,0.0
9,1559(231),3,2,1,66.7
9,1560(232),1,1,0,100.0
9,1561(233),2,2,0,100.0
9,1562(234),4,4,0,100.0
9,1563(235),1,1,0,100.0
9,1564(236),2,2,0,100.0
9,1565(237),2,2,0,100.0
9,1566(238),1,1,0,100.0
9,1567(239),4,3,1,75.0
9,1568(240),1,1,0,100.0
9,1569(241),0,1,-1,0.0
9,1570(242),1,1,0,100.0
9,1571(243),1,1,0,100.0
9,1572(244),1,1,0,100.0
9,1573(245),1,1,0,100.0
9,1574(246),0,1,-1,0.0
9,1575(247),4,3,1,75.0
9,1576(248),2,2,0,100.0
9,1577(249),4,4,0,100.0
9,1578(250),3,3,0,100.0
9,1579(251),2,2,0,100.0
9,1580(252),1,1,0,100.0
9,1581(253),3,3,0,100.0
9,1582(254),1,1,0,100.0
9,1583(255),5,5,0,100.0
9,1584(256),2,2,0,100.0
9,1585(257),3,3,0,100.0
9,1586(258),3,4,-1,133.3
9,1587(259),6,6,0,100.0
9,1588(260),3,4,-1,133.3
9,1589(261),6,8,-2,133.3
9,1590(262),5,5,0,100.0
9,1591(263),15,14,1,93.3
9,1592(264),3,1,2,33.3
9,1593(265),2,1,1,50.0
9,1594(266),2,1,1,50.0
9,1595(267),2,2,0,100.0
9,1596(268),2,2,0,100.0
9,1597(269),2,1,1,50.0
9,1598(270),6,6,0,100.0
9,1599(271),8,8,0,100.0
9,1600(272),3,4,-1,133.3
9,1601(273),18,18,0,100.0
9,1602(274),9,9,0,100.0
9,1603(275),3,3,0,100.0
9,1604(276),3,3,0,100.0
9,1605(277),4,3,1,75.0
9,1606(278),3,6,-3,200.0
9,1607(279),2,2,0,100.0
9,1608(280),1,1,0,100.0
9,1609(281),1,1,0,100.0
9,1610(282),1,1,0,100.0
9,1611(283),1,1,0,100.0
9,1612(284),1,1,0,100.0
9,1613(285),10,10,0,100.0
9,1614(286),2,2,0,100.0
9,1615(287),3,3,0,100.0
9,1616(288),9,10,-1,111.1
9,1617(289),6,5,1,83.3
9,1618(290),6,6,0,100.0
9,1619(291),3,3,0,100.0
9,1620(292),1,1,0,100.0
9,1621(293),3,3,0,100.0
9,1622(294),3,3,0,100.0
9,1623(295),2,2,0,100.0
9,1624(296),3,3,0,100.0
9,1625(297),1,1,0,100.0
9,1626(298),2,2,0,100.0
9,1627(299),1,1,0,100.0
9,1628(300),1,1,0,100.0
9,1629(301),1,1,0,100.0
9,1630(302),2,3,-1,150.0
9,1632(304),1,1,0,100.0
9,1633(305),1,1,0,100.0
9,1634(306),6,7,-1,116.7
9,1635(307),2,2,0,100.0
9,1636(308),4,4,0,100.0
9,1637(309),2,1,1,50.0
9,1638(310),2,2,0,100.0
9,1639(311),1,1,0,100.0
9,1640(312),3,3,0,100.0
9,1641(313),4,5,-1,125.0
9,1642(314),5,5,0,100.0
9,1643(315),4,4,0,100.0
9,1644(316),1,2,-1,200.0
9,1645(317),2,3,-1,150.0
9,1647(319),2,2,0,100.0
9,1648(320),3,3,0,100.0
9,1649(321),3,3,0,100.0
9,1650(322),3,5,-2,166.7
9,1651(323),2,3,-1,150.0
9,1652(324),5,5,0,100.0
9,1653(325),2,2,0,100.0
9,1654(326),6,6,0,100.0
9,1655(327),6,6,0,100.0
9,1656(328),4,4,0,100.0
9,1657(329),6,7,-1,116.7
9,1658(330),2,3,-1,150.0
9,1659(331),3,3,0,100.0
9,1660(332),3,2,1,66.7
9,1661(333),3,3,0,100.0
9,1662(334),3,3,0,100.0
9,1663(335),6,6,0,100.0
9,1664(336),5,5,0,100.0
9,1665(337),6,7,-1,116.7
9,1666(338),6,6,0,100.0
9,1667(339),0,1,-1,0.0
9,1668(340),2,2,0,100.0
9,1669(341),1,1,0,100.0
9,1670(342),2,2,0,100.0
9,1671(343),1,1,0,100.0
9,1672(344),2,2,0,100.0
9,1673(345),5,5,0,100.0
9,1674(346),3,3,0,100.0
9,1675(347),1,2,-1,200.0
9,1676(348),3,3,0,100.0
9,1677(349),4,4,0,100.0
9,1678(350),2,1,1,50.0
9,1679(351),2,2,0,100.0
9,1680(352),3,3,0,100.0
9,1681(353),4,3,1,75.0
9,1682(1),27,28,-1,103.7
9,1683(2),5,5,0,100.0
9,1684(3),1,1,0,100.0
9,1685(4),6,6,0,100.0
9,1686(5),3,2,1,66.7
9,1687(6),3,1,2,33.3
9,1688(7),3,2,1,66.7
9,1689(8),2,2,0,100.0
9,1690(9),2,2,0,100.0
9,1691(10),10,10,0,100.0
9,1692(11),2,1,1,50.0
9,1693(12),9,7,2,77.8
9,1694(13),2,1,1,50.0
9,1695(14),10,10,0,100.0
9,1696(15),3,3,0,100.0
9,1697(16),2,2,0,100.0
9,1698(17),6,5,1,83.3
9,1699(18),6,7,-1,116.7
9,1700(19),4,3,1,75.0
9,1701(20),10,8,2,80.0
9,1702(21),8,10,-2,125.0
9,1703(22),4,3,1,75.0
9,1704(23),17,23,-6,135.3
9,1705(24),9,7,2,77.8
9,1706(25),2,1,1,50.0
9,1707(26),3,4,-1,133.3
9,1708(27),6,7,-1,116.7
9,1709(28),6,7,-1,116.7
9,1710(29),1,1,0,100.0
9,1711(30),4,5,-1,125.0
9,1712(31),5,5,0,100.0
9,1713(32),3,2,1,66.7
9,1714(33),1,1,0,100.0
9,1715(34),4,4,0,100.0
9,1716(35),1,1,0,100.0
9,1717(36),4,5,-1,125.0
9,1718(37),4,3,1,75.0
9,1719(38),4,4,0,100.0
9,1720(39),1,1,0,100.0
9,1721(40),3,3,0,100.0
9,1722(41),3,3,0,100.0
9,1723(42),3,2,1,66.7
9,1724(43),5,4,1,80.0
9,1725(44),5,5,0,100.0
9,1726(45),4,3,1,75.0
9,1727(46),1,1,0,100.0
9,1728(47),5,6,-1,120.0
9,1729(48),3,3,0,100.0
9,1730(49),10,12,-2,120.0
9,1731(50),5,3,2,60.0
9,1732(51),18,18,0,100.0
9,1733(52),4,4,0,100.0
9,1734(53),5,4,1,80.0
9,1735(54),3,3,0,100.0
9,1736(55),4,3,1,75.0
9,1737(56),3,3,0,100.0
10,1738(57),4,3,1,75.0
10,1739(58),2,2,0,100.0
10,1740(59),2,1,1,50.0
10,1741(60),2,2,0,100.0
10,1742(61),4,3,1,75.0
10,1743(62),3,4,-1,133.3
10,1744(63),4,3,1,75.0
10,1745(64),1,1,0,100.0
10,1746(65),6,7,-1,116.7
10,1747(66),2,2,0,100.0
10,1748(67),3,4,-1,133.3
10,1749(68),4,4,0,100.0
10,1750(69),2,2,0,100.0
10,1751(70),3,2,1,66.7
10,1752(71),3,3,0,100.0
10,1753(72),2,2,0,100.0
10,1754(73),3,2,1,66.7
10,1755(74),1,2,-1,200.0
10,1756(75),4,4,0,100.0
10,1757(76),8,7,1,87.5
10,1758(77),3,3,0,100.0
10,1759(78),1,1,0,100.0
10,1760(79),3,2,1,66.7
10,1761(80),4,3,1,75.0
10,1762(81),10,10,0,100.0
10,1763(82),4,3,1,75.0
10,1764(83),2,2,0,100.0
10,1765(84),11,11,0,100.0
10,1766(85),5,5,0,100.0
10,1767(86),3,3,0,100.0
10,1768(87),3,3,0,100.0
10,1769(88),1,1,0,100.0
10,1770(89),1,1,0,100.0
10,1771(90),4,3,1,75.0
10,1772(91),3,3,0,100.0
10,1773(92),1,1,0,100.0
10,1774(93),5,6,-1,120.0
10,1775(94),5,4,1,80.0
10,1776(95),3,3,0,100.0
10,1777(96),4,4,0,100.0
10,1778(97),2,2,0,100.0
10,1779(98),2,1,1,50.0
10,1780(99),2,1,1,50.0
10,1781(100),4,3,1,75.0
10,1782(101),5,4,1,80.0
10,1783(102),4,5,-1,125.0
10,1784(103),4,3,1,75.0
10,1785(104),6,5,1,83.3
10,1786(105),38,37,1,97.4
10,1787(106),4,4,0,100.0
10,1788(107),7,8,-1,114.3
10,1789(108),2,1,1,50.0
10,1790(109),5,5,0,100.0
10,1791(110),2,2,0,100.0
10,1792(111),1,2,-1,200.0
10,1793(112),13,13,0,100.0
10,1794(113),3,2,1,66.7
10,1795(114),3,2,1,66.7
10,1796(115),2,2,0,100.0
10,1797(116),3,3,0,100.0
10,1798(117),20,21,-1,105.0
10,1803(122),3,3,0,100.0
10,1804(123),1,1,0,100.0
10,1805(124),3,2,1,66.7
10,1806(125),2,2,0,100.0
10,1807(126),7,6,1,85.7
10,1808(127),4,4,0,100.0
10,1809(128),12,12,0,100.0
10,1810(129),4,3,1,75.0
10,1811(130),6,6,0,100.0
10,1812(131),1,2,-1,200.0
10,1813(132),8,8,0,100.0
10,1814(133),8,8,0,100.0
10,1815(134),3,3,0,100.0
10,1816(135),2,2,0,100.0
10,1817(136),1,1,0,100.0
10,1818(137),2,2,0,100.0
10,1819(138),1,2,-1,200.0
10,1820(139),2,2,0,100.0
10,1821(140),2,2,0,100.0
10,1822(141),1,1,0,100.0
10,1823(142),4,5,-1,125.0
10,1824(143),3,2,1,66.7
10,1825(144),3,1,2,33.3
10,1826(145),4,5,-1,125.0
10,1827(146),1,1,0,100.0
10,1828(147),6,6,0,100.0
10,1829(148),4,3,1,75.0
10,1830(149),2,2,0,100.0
10,1831(150),1,1,0,100.0
10,1832(151),2,2,0,100.0
10,1833(152),2,1,1,50.0
10,1834(153),2,2,0,100.0
10,1835(154),6,4,2,66.7
10,1836(1),1,1,0,100.0
10,1837(2),1,1,0,100.0
10,1838(3),5,3,2,60.0
10,1839(4),2,1,1,50.0
10,1840(5),3,2,1,66.7
10,1841(6),3,3,0,100.0
10,1842(7),8,9,-1,112.5
10,1843(8),2,2,0,100.0
10,1844(9),23,23,0,100.0
10,1845(10),17,18,-1,105.9
10,1846(11),2,2,0,100.0
10,1847(12),1,1,0,100.0
10,1848(13),1,1,0,100.0
10,1849(14),1,1,0,100.0
10,1850(15),4,3,1,75.0
10,1851(16),3,3,0,100.0
10,1852(17),4,3,1,75.0
10,1853(18),1,1,0,100.0
10,1854(19),3,3,0,100.0
10,1855(20),1,1,0,100.0
10,1856(21),4,5,-1,125.0
10,1857(22),5,5,0,100.0
10,1858(23),6,6,0,100.0
10,1859(24),5,3,2,60.0
10,1860(25),1,1,0,100.0
10,1861(26),0,1,-1,0.0
10,1862(27),3,3,0,100.0
10,1863(28),4,5,-1,125.0
10,1864(29),3,4,-1,133.3
10,1865(30),21,17,4,81.0
10,1866(31),1,1,0,100.0
10,1867(32),3,3,0,100.0
10,1868(33),1,1,0,100.0
10,1869(34),6,7,-1,116.7
10,1870(35),5,4,1,80.0
10,1871(36),1,1,0,100.0
10,1872(37),1,1,0,100.0
10,1873(38),1,1,0,100.0
10,1874(39),1,1,0,100.0
10,1875(40),1,1,0,100.0
10,1876(41),1,1,0,100.0
10,1877(42),1,1,0,100.0
10,1878(43),1,1,0,100.0
10,1879(44),1,1,0,100.0
10,1880(45),1,1,0,100.0
10,1881(46),2,2,0,100.0
10,1882(47),2,1,1,50.0
10,1883(48),4,4,0,100.0
10,1884(49),2,2,0,100.0
10,1885(50),6,6,0,100.0
10,1886(51),2,3,-1,150.0
10,1887(52),2,3,-1,150.0
10,1888(53),2,1,1,50.0
10,1889(54),4,5,-1,125.0
10,1890(55),8,7,1,87.5
10,1891(56),2,2,0,100.0
10,1892(57),11,11,0,100.0
10,1893(58),2,2,0,100.0
10,1894(59),4,4,0,100.0
10,1895(60),2,2,0,100.0
10,1896(61),2,2,0,100.0
10,1897(62),3,3,0,100.0
10,1898(63),2,2,0,100.0
10,1899(64),2,1,1,50.0
10,1900(65),2,2,0,100.0
10,1901(66),1,1,0,100.0
10,1902(67),1,1,0,100.0
10,1903(68),1,1,0,100.0
10,1904(69),1,1,0,100.0
10,1905(70),2,2,0,100.0
10,1906(71),4,4,0,100.0
10,1907(72),2,2,0,100.0
10,1908(73),1,1,0,100.0
10,1909(74),1,1,0,100.0
10,1910(75),1,1,0,100.0
10,1911(76),1,1,0,100.0
10,1912(77),4,4,0,100.0
10,1913(78),2,2,0,100.0
10,1914(79),1,1,0,100.0
10,1915(80),0,1,-1,0.0
10,1916(81),1,1,0,100.0
10,1917(82),2,2,0,100.0
10,1918(83),2,2,0,100.0
10,1919(84),1,1,0,100.0
10,1920(85),1,1,0,100.0
10,1921(86),1,1,0,100.0
10,1922(87),1,1,0,100.0
10,1923(88),1,1,0,100.0
10,1924(89),3,3,0,100.0
10,1925(90),2,2,0,100.0
10,1926(91),2,2,0,100.0
10,1927(92),1,1,0,100.0
10,1928(93),11,12,-1,109.1
10,1929(94),3,3,0,100.0
10,1930(95),4,4,0,100.0
10,1931(96),5,3,2,60.0
10,1932(1),2,2,0,100.0
10,1933(2),1,1,0,100.0
10,1934(3),1,1,0,100.0
10,1935(4),1,1,0,100.0
10,1936(5),2,2,0,100.0
10,1937(6),8,8,0,100.0
10,1939(8),2,2,0,100.0
10,1940(9),0,1,-1,0.0
10,1941(10),1,1,0,100.0
10,1942(11),1,1,0,100.0
10,1943(12),1,1,0,100.0
10,1944(13),2,2,0,100.0
10,1945(14),3,2,1,66.7
10,1946(15),2,2,0,100.0
10,1947(16),2,2,0,100.0
10,1948(17),2,1,1,50.0
10,1949(18),2,2,0,100.0
10,1950(19),1,1,0,100.0
10,1951(20),1,1,0,100.0
10,1952(21),1,1,0,100.0
10,1953(22),2,2,0,100.0
10,1954(23),1,1,0,100.0
10,1955(24),3,3,0,100.0
10,1956(25),1,1,0,100.0
10,1957(26),1,1,0,100.0
10,1958(27),1,1,0,100.0
10,1959(28),1,1,0,100.0
10,1960(29),2,2,0,100.0
10,1961(30),1,1,0,100.0
10,1962(31),2,1,1,50.0
10,1963(32),1,1,0,100.0
10,1964(33),3,3,0,100.0
10,1965(34),2,2,0,100.0
10,1966(35),3,1,2,33.3
10,1967(36),3,3,0,100.0
10,1968(37),1,1,0,100.0
10,1969(38),2,2,0,100.0
10,1970(39),2,2,0,100.0
10,1971(40),1,1,0,100.0
10,1972(41),2,2,0,100.0
10,1973(42),1,1,0,100.0
10,1974(43),5,5,0,100.0
10,1975(44),5,4,1,80.0
10,1977(45),2,3,-1,150.0
10,1977(46),2,2,0,100.0
10,1978(47),3,3,0,100.0
10,1979(1),1,1,0,100.0
10,1980(2),5,5,0,100.0
10,1981(3),1,1,0,100.0
10,1982(4),3,3,0,100.0
10,1983(5),3,3,0,100.0
10,1984(6),1,1,0,100.0
10,1985(7),1,1,0,100.0
10,1986(8),5,5,0,100.0
10,1987(9),5,5,0,100.0
10,1988(1),5,5,0,100.0
10,1989(2),1,1,0,100.0
10,1990(3),13,12,1,92.3
10,1991(1),2,2,0,100.0
10,1992(2),5,5,0,100.0
10,1993(3),4,3,1,75.0
10,1994(4),1,1,0,100.0
10,1995(5),3,3,0,100.0
